cable_id,cable_name,length_raw,length_km,rfs_year,is_planned,owners_raw,num_owners,num_landing_points,url,is_google,is_meta,is_amazon,is_microsoft,is_china
2africa,2Africa,"45,000 km",45000.0,2024.0,False,"Bayobab, China Mobile, Meta, Orange, Telecom Egypt, Vodafone, WIOCC, center3",8,50,https://www.2africacable.net/,0,1,0,0,1
5-villages-6-islands,5 Villages 6 Islands,355 km,355.0,2019.0,False,Tokyo Metropolitan Government,1,9,,0,0,0,0,0
acs-alaska-oregon-network-akorn,ACS Alaska-Oregon Network (AKORN),"3,000 km",3000.0,2009.0,False,Alaska Communications,1,4,https://www.alaskacommunications.com,0,0,0,0,0
adamasia-cable-system-1,Adamasia Cable System 1,"1,015 km",1015.0,2027.0,True,Solomon Island Submarine Cable Company,1,1,,0,0,0,0,0
aden-djibouti,Aden-Djibouti,269 km,269.0,1994.0,False,"Djibouti Telecom, Orange, Sparkle, Tata Communications, TeleYemen",5,2,https://www.teleyemen.com.ye/,0,0,0,0,0
adria-1,Adria-1,440 km,440.0,1996.0,False,"ALBtelecom, Hrvatski Telekom",2,3,,0,0,0,0,0
aec-1,AEC-1,"5,521 km",5521.0,2016.0,False,EXA Infrastructure,1,2,https://exainfra.net/,0,0,0,0,0
africa-1,Africa-1,"10,000 km",10000.0,2027.0,True,"G42, Mobily, Pakistan Telecommunications Company Ltd., TeleYemen, Telecom Egypt, Zain Omantel International, e&",7,11,,0,0,0,0,0
africa-coast-to-europe-ace,Africa Coast to Europe (ACE),"17,000 km",17000.0,2012.0,False,"Bayobab, Cable Consortium of Liberia, Canalink, Dolphin Telecom, GUILAB, Gambia Submarine Cable Company, International Mauritania Telecom, Orange, Orange Cameroun, Orange Cote d’Ivoire, Orange Mali, Republic of Cameroon, Republic of Equatorial Guinea, Republic of Gabon, Republic of Guinea Bissau, SBIN (Société Béninoise des Infrastructures Numériques du Bénin), STP Cabo, Sierra Leone Cable Company, Sonatel, Zamani Telecom",20,18,,0,0,0,0,0
airraq,Airraq,840 km,840.0,2025.0,False,"Unicom, Inc.",2,5,https://www.gci.com/bethel-airraq-network,0,0,0,0,0
alaska-united-east-au-east,Alaska United East (AU-East),"3,751 km",3751.0,1999.0,False,GCI Communication Corp,1,4,https://www.gci.com/,0,0,0,0,0
alaska-united-southeast-au-se,Alaska United Southeast (AU-SE),626 km,626.0,2008.0,False,GCI Communication Corp,1,7,https://www.gci.com/,0,0,0,0,0
alaska-united-turnagain-arm-auta,Alaska United Turnagain Arm (AUTA),53 km,53.0,2012.0,False,GCI Communication Corp,1,2,https://www.gci.com/,0,0,0,0,0
alaska-united-west-au-west,Alaska United West (AU-West),"2,485 km",2485.0,2004.0,False,GCI Communication Corp,1,3,https://www.gci.com/,0,0,0,0,0
alba-1,ALBA-1,"1,860 km",1860.0,2012.0,False,"Telecom Venezuela, Transbit",2,4,,0,0,0,0,0
aletar,Aletar,787 km,787.0,1997.0,False,"Liban Telecom, Syrian Telecommunications Establishment, Telecom Egypt",3,2,,0,0,0,0,0
almera-melilla-alme,Almería-Melilla (ALME),198 km,198.0,1990.0,False,Telefonica,1,2,https://www.telefonica.com/,0,0,0,0,0
alonso-de-ojeda,Alonso de Ojeda,122 km,122.0,1999.0,False,"Setar, United Telecommunication Services (UTS)",2,2,,0,0,0,0,0
alpal-2,Alpal-2,312 km,312.0,2002.0,False,"Algerie Telecom, Orange, Sparkle, Telxius",4,2,,0,0,0,0,0
america-movil-submarine-cable-system-1-amx-1,America Movil Submarine Cable System-1 (AMX-1),"17,800 km",17800.0,2014.0,False,América Móvil (Claro),1,15,http://www.americamovil.com,0,0,0,0,0
american-1,AmeriCan-1,140 km,140.0,1999.0,False,"Bell Canada, Ledcor Industries Inc., Rogers Communications, Zayo",4,5,,0,0,0,0,0
americas-i-north,Americas-I North,"2,012 km",2012.0,1994.0,False,AT&T,1,2,,0,0,0,0,0
americas-ii-west,Americas-II West,217 km,217.0,2000.0,False,"AT&T, Liberty Networks, Sparkle",3,2,,0,0,0,0,0
amerigo-vespucci,Amerigo Vespucci,87 km,87.0,1999.0,False,Antelecom,1,2,,0,0,0,0,0
amitie,Amitie,"6,792 km",6792.0,2023.0,False,"EXA Infrastructure, Meta, Microsoft, Orange, Vodafone",5,3,,0,1,0,1,0
andromeda,ANDROMEDA,,,,True,"Etisalat Group, Exelera, Grid Telecom",3,4,,0,0,0,0,0
anjana,Anjana,"7,121 km",7121.0,2026.0,True,Meta,1,2,https://about.meta.com/,0,1,0,0,0
antigua-st-kitts,Antigua-St.Kitts,141 km,141.0,1995.0,False,Liberty Networks,1,2,https://libertynet.com,0,0,0,0,0
antillas-1,Antillas 1,601 km,601.0,1997.0,False,"Altice Dominicana, Antelecom, Claro Dominicana (Codetel), Liberty Networks, Setar",5,3,,0,0,0,0,0
apcn-2,APCN-2,"19,000 km",19000.0,2001.0,False,"AT&T, BT, China Telecom, China Unicom, Chunghwa Telecom, HKBN, KDDI, KT, LG Uplus, NTT, Orange, PCCW, PLDT, Singtel, Singtel Optus, Softbank, Starhub, Tata Communications, Telekom Malaysia, Telstra, Verizon, Vodafone",22,10,,0,0,0,0,1
apocs-1,APOCS 1,,,1991.0,False,Bell Canada,1,2,https://www.bce.ca/,0,0,0,0,0
apocs-2,APOCS 2,,,1995.0,False,Bell Canada,1,4,https://www.bce.ca/,0,0,0,0,0
apollo,Apollo,"13,000 km",13000.0,2003.0,False,Vodafone,1,4,https://www.vodafone.com/business/solutions/by-business-type/carrier-and-infrastructure-provider/submarine-and-terrestrial-cables/apollo,0,0,0,0,0
apollo-east-and-west,Apollo East and West,670 km,670.0,2025.0,False,Grid Telecom,1,2,https://www.grid-telecom.com/,0,0,0,0,0
apricot,Apricot,"11,972 km",11972.0,2025.0,False,"Chunghwa Telecom, Google, Meta, NTT, PLDT",5,8,,1,1,0,0,0
apx-east,APX East,"13,000 km",13000.0,2028.0,True,SUBCO,1,4,http://www.subpartners.net,0,0,0,0,0
aqualink,Aqualink,,,2001.0,False,One NZ,1,11,,0,0,0,0,0
arcos,ARCOS,"8,704 km",8704.0,2001.0,False,"AT&T, Alestra, Bahamas Telecommunications Company, Belize Telemedia, CANTV, Claro Dominicana (Codetel), Enitel, Hondutel, ICE (Kolbi), Internexa, Liberty Networks, Orbinet Overseas, RACSA, Telecomunicaciones Ultramarinas de Puerto Rico, Telepuerto San Isidro, Tigo Colombia, Tricom USA, United Telecommunication Services (UTS), Verizon",19,24,https://libertynet.com,0,0,0,0,0
arctic-way,Arctic Way,"2,568 km",2568.0,2028.0,True,Space Norway,1,4,https://spacenorway.com/,0,0,0,0,0
arimao,ARIMAO,"2,470 km",2470.0,2023.0,False,"Empresa de Telecomunicaciones de Cuba, Orange",2,2,,0,0,0,0,0
arsat-submarine-fiber-optic-cable,ARSAT Submarine Fiber Optic Cable,40 km,40.0,2012.0,False,ARSAT,1,2,http://www.arsat.com.ar/,0,0,0,0,0
asia-africa-europe-1-aae-1,Asia Africa Europe-1 (AAE-1),"25,000 km",25000.0,2017.0,False,"China Unicom, Djibouti Telecom, Hyalroute, Metfone, Mobily, National Telecom, OTEGLOBE, Ooredoo, PCCW, Pakistan Telecommunications Company Ltd., Reliance Jio Infocomm, Retelit, TIME dotCom, TeleYemen, Telecom Egypt, VNPT International, Viettel Corporation, Zain Omantel International, e&",19,20,http://www.aaeone.com,0,0,0,0,1
asia-america-gateway-aag-cable-system,Asia-America Gateway (AAG) Cable System,"20,000 km",20000.0,2009.0,False,"AT&T, BT, Bharti Airtel, Eastern Telecom, Ezecom, Globe Telecom, Indosat Ooredoo, National Telecom, PLDT, Saigon Postel Corporation, Spark New Zealand, Starhub, Telekom Malaysia, Telkom Indonesia, Telstra, Unified National Networks (UNN), VNPT International, Viettel Corporation",18,10,https://asia-america-gateway.com/,0,0,0,0,0
asia-connect-cable-1-acc-1,Asia Connect Cable-1 (ACC-1),"19,000 km",19000.0,2028.0,True,Inligo Networks,1,10,http://www.inligonetworks.com/,0,0,0,0,0
asia-direct-cable-adc,Asia Direct Cable (ADC),"9,988 km",9988.0,2024.0,False,"China Telecom, China Unicom, National Telecom, PLDT, Singtel, Softbank, Tata Communications, Viettel Corporation",8,7,,0,0,0,0,1
asia-link-cable-alc,Asia Link Cable (ALC),"7,200 km",7200.0,2027.0,True,"China Telecom, China Unicom, DITO Telecommunity, FPT Telecom, Globe Telecom, Matrix NAP Info, Singtel, TIME dotCom, Telekom Malaysia, Unified National Networks (UNN), VNPT, Viettel Corporation",12,8,,0,0,0,0,1
asia-pacific-gateway-apg,Asia Pacific Gateway (APG),"10,400 km",10400.0,2016.0,False,"China Mobile, China Telecom, China Unicom, Chunghwa Telecom, KT, LG Uplus, Meta, NTT, National Telecom, Starhub, TIME dotCom, VNPT International, Viettel Corporation",13,11,,0,1,0,0,1
asia-submarine-cable-express-asecahaya-malaysia,Asia Submarine-cable Express (ASE)/Cahaya Malaysia,"8,148 km",8148.0,2012.0,False,"NTT, PLDT, Starhub, Telekom Malaysia",4,6,,0,0,0,0,0
asia-united-gateway-east-aug-east,Asia United Gateway East (AUG East),"8,900 km",8900.0,2029.0,True,"Amazon Web Services, Arteria, Chunghwa Telecom, Dreamline, Globe Telecom, Microsoft, Singtel, Telekom Malaysia, Unified National Networks (UNN)",9,9,,0,0,1,1,0
atisa,Atisa,279 km,279.0,2017.0,False,Docomo Pacific,1,4,http://atisa.docomopacific.com,0,0,0,0,0
atlantic-crossing-1-ac-1,Atlantic Crossing-1 (AC-1),"14,301 km",14301.0,1998.0,False,Colt,1,4,,0,0,0,0,0
atlas-offshore,Atlas Offshore,"1,634 km",1634.0,2007.0,False,Maroc Telecom,1,2,https://www.iam.ma,0,0,0,0,0
au-aleutian,AU-Aleutian,"1,491 km",1491.0,2022.0,False,GCI Communication Corp,1,14,https://www.gci.com/,0,0,0,0,0
aurora,Aurora,500 km,500.0,2024.0,False,GlobalConnect,1,12,https://www.globalconnectcarrier.com/,0,0,0,0,0
australia-japan-cable-ajc,Australia-Japan Cable (AJC),"12,700 km",12700.0,2001.0,False,"AT&T, NTT, Softbank, Telstra, Verizon",5,6,https://ajcable.com/,0,0,0,0,0
australia-singapore-cable-asc,Australia-Singapore Cable (ASC),"4,600 km",4600.0,2018.0,False,Vocus Communications,1,4,https://www.australiasingaporecable.com,0,0,0,0,0
avassa,Avassa,260 km,260.0,2016.0,False,"Comores Telecom, STOI",2,4,,0,0,0,0,0
awashima-murakami,Awashima-Murakami,66 km,66.0,2022.0,False,Awashimaura Village,1,2,,0,0,0,0,0
azores-fiber-optic-system-afos,Azores Fiber Optic System (AFOS),"1,100 km",1100.0,1998.0,False,Altice Portugal,1,7,,0,0,0,0,0
bahamas-2,Bahamas 2,476 km,476.0,1997.0,False,Bermuda Telephone Company (BTC),1,3,,0,0,0,0,0
bahamas-domestic-submarine-network-bdsni,Bahamas Domestic Submarine Network (BDSNi),"2,735 km",2735.0,2006.0,False,Bahamas Telecommunications Company,1,15,http://www.btcbahamas.com,0,0,0,0,0
bahamas-internet-cable-system-bics,Bahamas Internet Cable System (BICS),"1,100 km",1100.0,2001.0,False,Caribbean Crossings,1,7,https://www.rev.bs/business-solutions/,0,0,0,0,0
balalink,Balalink,274 km,274.0,2001.0,False,IslaLink,1,2,http://www.islalink.es,0,0,0,0,0
balok,BALOK,60 km,60.0,2016.0,False,XLSmart,1,2,,0,0,0,0,0
baltic-sea-submarine-cable,Baltic Sea Submarine Cable,"1,042 km",1042.0,2000.0,False,CITIC Telecom International,1,3,https://www.citictel.com/,0,0,0,0,1
baltica,Baltica,437 km,437.0,1997.0,False,"Arelion, Orange Polska, Slovak Telekom, TDC Group, Telenor, Ukrtelecom",6,4,,0,0,0,0,0
bangladesh-private-cable-system-bpcs,Bangladesh Private Cable System (BPCS),"1,300 km",1300.0,2026.0,True,"CdNet Communications, Metacore Subcom, Summit Communications",3,1,,0,1,0,0,0
barat-timur-indonesia-1-bti-1,Barat Timur Indonesia-1 (BTI-1),"4,500 km",4500.0,2028.0,True,Super Sistem (PT Super Sistem Data),1,6,,0,0,0,0,0
barat-timur-indonesia-2-bti-2,Barat Timur Indonesia-2 (BTI-2),"11,600 km",11600.0,,True,Super Sistem (PT Super Sistem Data),1,10,,0,0,0,0,0
barracuda,Barracuda,"1,050 km",1050.0,2028.0,True,Valencia Digital Port Connect,1,2,https://valenciadigitalport.com/barracuda-infrastructure/,0,0,0,0,0
bass-strait-1,Bass Strait-1,241 km,241.0,1995.0,False,Telstra,1,2,,0,0,0,0,0
bass-strait-2,Bass Strait-2,239 km,239.0,2003.0,False,Telstra,1,2,,0,0,0,0,0
basslink,Basslink,298 km,298.0,2005.0,False,Basslink Telecoms,1,2,,0,0,0,0,0
batam-dumai-melaka-bdm,Batam Dumai Melaka (BDM),353 km,353.0,2009.0,False,"Moratelindo, Telekom Malaysia",2,3,http://www.moratelindo.co.id,0,0,0,0,0
batam-rengit-cable-system-brcs,Batam-Rengit Cable System (BRCS),64 km,64.0,2007.0,False,XLSmart,1,2,https://www.xl.co.id/,0,0,0,0,0
batam-sarawak-internet-cable-system-basics,Batam Sarawak Internet Cable System (BaSICS),762 km,762.0,2021.0,False,Irix Sdn Bhd,1,2,https://www.irix.my/,0,0,0,0,0
batam-singapore-cable-system-bscs,Batam Singapore Cable System (BSCS),73 km,73.0,2009.0,False,Telkom Indonesia,1,2,,0,0,0,0,0
bay-of-bengal-gateway-bbg,Bay of Bengal Gateway (BBG),"8,100 km",8100.0,2016.0,False,"AT&T, China Telecom, Dialog Axiata, Reliance Jio Infocomm, Telekom Malaysia, Telstra, Vodafone, Zain Omantel International, e&",9,6,https://www.bayofbengalgateway.com,0,0,0,0,1
bcs-east,BCS East,97 km,97.0,1995.0,False,Arelion,1,2,,0,0,0,0,0
bcs-east-west-interlink,BCS East-West Interlink,218 km,218.0,1997.0,False,Arelion,1,2,,0,0,0,0,0
bcs-north---phase-1,BCS North - Phase 1,513 km,513.0,1998.0,False,Arelion,1,5,,0,0,0,0,0
bcs-north---phase-2,BCS North - Phase 2,280 km,280.0,2000.0,False,Arelion,1,3,,0,0,0,0,0
beaufort,Beaufort,158 km,158.0,2027.0,True,"Amazon Web Services, Microsoft, Vodafone",3,2,,0,0,1,1,0
berytar,BERYTAR,134 km,134.0,1997.0,False,"Lebanese Ministry of Telecommunications, Syrian Telecommunications Establishment",2,4,,0,0,0,0,0
besut-perhentian-islands,Besut-Perhentian Islands,21 km,21.0,2019.0,False,Telekom Malaysia,1,3,,0,0,0,0,0
bharat-lanka-cable-system,Bharat Lanka Cable System,325 km,325.0,2006.0,False,"Bharat Sanchar Nigam Ltd. (BSNL), Sri Lanka Telecom",2,2,,0,0,0,0,0
bicentenario,Bicentenario,250 km,250.0,2011.0,False,"Antel Uruguay, Telecom Argentina",2,2,,0,0,0,0,0
bifrost,Bifrost,"19,888 km",19888.0,2025.0,False,"Keppel T&T, Meta, Telin",3,8,,0,1,0,0,0
biznet-nusantara-cable-system-1-bncs-1,Biznet Nusantara Cable System-1 (BNCS-1),105 km,105.0,2024.0,False,Biznet,1,4,https://www.biznetnetworks.com/,0,0,0,0,0
blue,Blue,"5,055 km",5055.0,2023.0,False,"Google, Sparkle, Zain Omantel International",3,10,,1,0,0,0,0
bodo-rost-cable,Bodo-Rost Cable,109 km,109.0,2016.0,False,Telenor,1,2,,0,0,0,0,0
boracay-palawan-submarine-cable-system-bpscs,Boracay-Palawan Submarine Cable System (BPSCS),332 km,332.0,2013.0,False,Globe Telecom,1,5,,0,0,0,0,0
bosun,Bosun,,,2029.0,True,Google,1,2,https://cloud.google.com,1,0,0,0,0
botnia,Botnia,93 km,93.0,1994.0,False,Arelion,1,2,,0,0,0,0,0
brazilian-festoon,Brazilian Festoon,"2,552 km",2552.0,1996.0,False,Embratel,1,14,http://www.embratel.com.br,0,0,0,0,0
brusa,BRUSA,"11,000 km",11000.0,2018.0,False,Telxius,1,4,http://www.telxius.com,0,0,0,0,0
bt-highlands-and-islands-submarine-cable-system,BT Highlands and Islands Submarine Cable System,402 km,402.0,2014.0,False,BT,1,40,,0,0,0,0,0
bt-mt-1,BT-MT-1,80 km,80.0,1990.0,False,"BT, Manx Telecom",2,2,,0,0,0,0,0
bugio,BUGIO,73 km,73.0,1996.0,False,Altice Portugal,1,2,,0,0,0,0,0
bulikula,Bulikula,"21,600 km",21600.0,2026.0,True,Google,1,7,https://cloud.google.com,1,0,0,0,0
c-lion1,C-Lion1,"1,172 km",1172.0,2016.0,False,Cinia Oy,1,3,https://www.cinia.fi/en/,0,0,0,0,0
cabo-verde-telecom-domestic-submarine-cable-phase-1,Cabo Verde Telecom Domestic Submarine Cable Phase 1,,,1997.0,False,Cabo Verde Telecom (CVT),1,5,https://www.cvtelecom.cv,0,0,0,0,0
cabo-verde-telecom-domestic-submarine-cable-phase-2,Cabo Verde Telecom Domestic Submarine Cable Phase 2,,,2002.0,False,Cabo Verde Telecom (CVT),1,3,https://www.cvtelecom.cv,0,0,0,0,0
cabo-verde-telecom-domestic-submarine-cable-phase-3,Cabo Verde Telecom Domestic Submarine Cable Phase 3,,,2011.0,False,Cabo Verde Telecom (CVT),1,8,https://www.cvtelecom.cv,0,0,0,0,0
cadmos,CADMOS,230 km,230.0,1995.0,False,"A1 Telekom Austria, AT&T, Cyta, Deutsche Telekom, Lebanese Ministry of Telecommunications, Orange, Sparkle, Syrian Telecommunications Establishment, Tata Communications",9,3,,0,0,0,0,0
cadmos-2,CADMOS-2,250 km,250.0,2026.0,True,"Cyta, Lebanese Ministry of Telecommunications",2,2,,0,0,0,0,0
calvi-st-florent,Calvi-St. Florent,64 km,64.0,1997.0,False,Orange,1,2,,0,0,0,0,0
cam-ring,CAM Ring,"1,120 km",1120.0,2003.0,False,Altice Portugal,1,3,,0,0,0,0,0
canalink,Canalink,"1,835 km",1835.0,2011.0,False,IT3,1,8,http://www.canalink.tel/,0,0,0,0,0
candalta,CANDALTA,110 km,110.0,1999.0,False,Telefonica,1,2,,0,0,0,0,0
candle,Candle,"8,000 km",8000.0,2028.0,True,"IPS, Inc., Meta, Softbank, Telekom Malaysia, XLSmart",6,7,,0,1,0,0,0
cantat-3,CANTAT-3,270 km,270.0,1994.0,False,Shefa,1,4,http://www.shefa.fo,0,0,0,0,0
caribbean-bermuda-u-s-cbus,Caribbean-Bermuda U.S. (CBUS),"1,700 km",1700.0,2009.0,False,"Liberty Networks, Orange",2,2,,0,0,0,0,0
caribbean-regional-communications-infrastructure-program-carcip,Caribbean Regional Communications Infrastructure Program (CARCIP),225 km,225.0,2019.0,False,Digicel,1,9,https://www.digicelgroup.com,0,0,0,0,0
carnival-submarine-network-1-csn-1,Carnival Submarine Network-1 (CSN-1),"4,670 km",4670.0,2026.0,True,Telconet,1,6,https://www.telconet.net/,0,0,0,0,0
cat-submarine-network-csn,CAT Submarine Network (CSN),"1,240 km",1240.0,2013.0,False,National Telecom,1,2,,0,0,0,0,0
caucasus-cable-system,Caucasus Cable System,"1,200 km",1200.0,2008.0,False,Caucasus Online,1,2,http://www.co.ge/en/,0,0,0,0,0
cayman-jamaica-fiber-system-cjfs,Cayman-Jamaica Fiber System (CJFS),"1,197 km",1197.0,1997.0,False,"CW Cayman, CW Jamaica",2,6,,0,0,0,0,0
ceiba-1,Ceiba-1,287 km,287.0,2011.0,False,GITGE (Gestor de Infraestructuras de Telecomunicaciones de Guinea Ecuatorial),1,2,http://www.gitge.com,0,0,0,0,0
ceiba-2,Ceiba-2,290 km,290.0,2017.0,False,GITGE (Gestor de Infraestructuras de Telecomunicaciones de Guinea Ecuatorial),1,3,http://www.gitge.com,0,0,0,0,0
celia,CELIA,"3,700 km",3700.0,2027.0,True,"APUA, Orange, Setar, Telxius",4,7,,0,0,0,0,0
celtixconnect-1-cc-1,CeltixConnect-1 (CC-1),131 km,131.0,2012.0,False,EXA Infrastructure,1,2,https://exainfra.net/,0,0,0,0,0
challenger-one-bermuda,Challenger One Bermuda,,,2024.0,False,ATN International,1,1,,0,0,0,0,0
channel-islands-9-liberty-submarine-cable,Channel Islands-9 Liberty Submarine Cable,,,2008.0,False,JTGlobal,1,2,,0,0,0,0,0
chennai-andaman-nicobar-islands-cable-cani,Chennai-Andaman & Nicobar Islands Cable (CANI),"2,300 km",2300.0,2020.0,False,Bharat Sanchar Nigam Ltd. (BSNL),1,9,http://www.bsnl.co.in,0,0,0,0,0
chi,CHI,"3,932 km",3932.0,2001.0,False,"Hawaiian Telcom, Verizon",2,2,,0,0,0,0,0
chuuk-pohnpei-cable,Chuuk-Pohnpei Cable,"1,200 km",1200.0,2019.0,False,Federated States of Micronesia Telecommunications Cable Corporation (FSMTCC),1,2,https://fsmcable.com/chuuk,0,0,0,0,0
circe-north,Circe North,203 km,203.0,1999.0,False,"Zayo, euNetworks",2,2,,0,0,0,0,0
circe-south,Circe South,115 km,115.0,1999.0,False,"Zayo, euNetworks",2,2,,0,0,0,0,0
cobracable,COBRAcable,304 km,304.0,2019.0,False,Relined,1,2,https://www.tennet.eu/our-projects/international-connections,0,0,0,0,0
cogim,COGIM,438 km,438.0,2005.0,False,Télébec,1,2,,0,0,0,0,0
colombia-florida-express-cfx-1,Colombia-Florida Express (CFX-1),"2,438 km",2438.0,2008.0,False,Liberty Networks,1,4,https://libertynet.com/contact,0,0,0,0,0
colombian-festoon,Colombian Festoon,400 km,400.0,1997.0,False,,0,5,,0,0,0,0,0
columbus-ii-b,Columbus-II b,"2,068 km",2068.0,1994.0,False,"AT&T, Setar",2,2,,0,0,0,0,0
columbus-iii-azores-portugal,Columbus-III Azores-Portugal,,,1999.0,False,Altice Portugal,1,2,https://altice.net/altice-international,0,0,0,0,0
comoros-domestic-cable-system,Comoros Domestic Cable System,,,2010.0,False,Comores Telecom,1,3,,0,0,0,0,0
concerto,Concerto,550 km,550.0,1999.0,False,EXA Infrastructure,1,2,https://exainfra.net/,0,0,0,0,0
confluence-1,Confluence-1,"2,571 km",2571.0,2028.0,True,Confluence Networks,1,5,https://confluencenetworks.net,0,0,0,0,0
connected-coast,Connected Coast,,,2024.0,False,Connected Coast Network Partnership,1,108,https://connectedcoast.ca/,0,0,0,0,0
continente-madeira,Continente-Madeira,"1,179 km",1179.0,2000.0,False,Altice Portugal,1,2,https://altice.net/altice-international,0,0,0,0,0
converge-domestic-submarine-cable-network-cdscn,Converge Domestic Submarine Cable Network (CDSCN),"1,300 km",1300.0,2021.0,False,Converge ICT,1,22,https://www.convergeict.com,0,0,0,0,0
cook-strait,Cook Strait,40 km,40.0,2020.0,False,Transpower NZ,1,2,https://www.transpower.co.nz/,0,0,0,0,0
coral-bridge,Coral Bridge,,,2025.0,False,"NaiTel, Telecom Egypt",2,2,,0,0,0,0,0
coral-sea-cable-system-cs,Coral Sea Cable System (CS²),"4,700 km",4700.0,2020.0,False,"PNG DataCo Limited, Solomon Island Submarine Cable Company",2,6,https://coralseacablecompany.com/,0,0,0,0,0
corse-continent-4-cc4,Corse-Continent 4 (CC4),190 km,190.0,1992.0,False,Orange,1,2,,0,0,0,0,0
corse-continent-5-cc5,Corse-Continent 5 (CC5),299 km,299.0,1995.0,False,Orange,1,2,,0,0,0,0,0
cowes-fawley-2,Cowes-Fawley 2,,,2018.0,False,BT,1,2,,0,0,0,0,0
cross-sound-cable,Cross Sound Cable,40 km,40.0,2003.0,False,Cross Sound Cable Company,1,2,https://www.crosssoundcable.com/dark-fiber-optics/,0,0,0,0,0
cross-straits-cable-network-cscn,Cross-Straits Cable Network (CSCN),21 km,21.0,2012.0,False,"China Mobile, China Telecom, China Unicom, Chunghwa Telecom",4,4,,0,0,0,0,1
crosschannel-fibre,CrossChannel Fibre,149 km,149.0,2021.0,False,Crosslake Fibre,1,2,http://www.crosslakefibre.ca,0,0,0,0,0
crosslake-fibre,Crosslake Fibre,59 km,59.0,2019.0,False,Crosslake Fibre,1,2,http://www.crosslakefibre.ca,0,0,0,0,0
curie,Curie,"10,476 km",10476.0,2020.0,False,Google,1,3,https://cloud.google.com,1,0,0,0,0
cyclades-a,Cyclades A,222 km,222.0,2018.0,False,Grid Telecom,1,5,,0,0,0,0,0
cyclades-b,Cyclades B,52 km,52.0,2020.0,False,Grid Telecom,1,3,,0,0,0,0,0
daito-loop,Daito Loop,18 km,18.0,2025.0,False,Okinawa Prefecture,1,2,,0,0,0,0,0
dalian-yantai-cable,Dalian-Yantai Cable,146 km,146.0,1998.0,False,China Telecom,1,2,,0,0,0,0,1
damai-cable-system,DAMAI Cable System,575 km,575.0,2019.0,False,Triasmitra,1,3,http://www.triasmitra.com/,0,0,0,0,0
danica-north,Danica North,25 km,25.0,1998.0,False,Colt,1,2,,0,0,0,0,0
danice,DANICE,"2,304 km",2304.0,2009.0,False,Farice,1,2,http://www.farice.is,0,0,0,0,0
daraja,Daraja,"4,108 km",4108.0,2026.0,True,"Meta, Safaricom",2,2,,0,1,0,0,0
darwin-jakarta-singapore-cable-djsc,Darwin-Jakarta-Singapore Cable (DJSC),"1,000 km",1000.0,2023.0,False,Vocus Communications,1,1,https://www.vocus.com.au/,0,0,0,0,0
deep-blue-one,Deep Blue One,"2,250 km",2250.0,2024.0,False,Digicel,1,5,https://www.digicelgroup.com/,0,0,0,0,0
denmark-sweden-17,Denmark-Sweden 17,11 km,11.0,1994.0,False,"TDC Group, Tele2",2,2,,0,0,0,0,0
denmark-sweden-18,Denmark-Sweden 18,,,1996.0,False,"TDC Group, Telenor",2,2,,0,0,0,0,0
denpasar-waingapu-cable-systems,Denpasar-Waingapu Cable Systems,814 km,814.0,2019.0,False,Moratelindo,1,4,http://www.moratelindo.co.id,0,0,0,0,0
dhiraagu-cable-network,Dhiraagu Cable Network,"1,253 km",1253.0,2012.0,False,Dhiraagu,1,8,https://www.dhiraagu.com.mv/,0,0,0,0,0
dhiraagu-slt-submarine-cable-network,Dhiraagu-SLT Submarine Cable Network,850 km,850.0,2007.0,False,"Dhiraagu, Sri Lanka Telecom",2,2,https://www.dhiraagu.com.mv/,0,0,0,0,0
dhivaru,Dhivaru,,,2028.0,True,Google,1,3,https://cloud.google.com,1,0,0,0,0
didon,Didon,170 km,170.0,2014.0,False,"Ooredoo Tunisie, Orange Tunisie",2,2,,0,0,0,0,0
djibouti-africa-regional-express-1-dare-1,Djibouti Africa Regional Express 1 (DARE 1),"4,854 km",4854.0,2021.0,False,"Djibouti Telecom, Hormuud Telecom Somalia, Somtel International, Telkom Kenya",4,12,,0,0,0,0,0
domestic-submarine-cable-of-maldives-dscom,Domestic Submarine Cable of Maldives (DSCoM),286 km,286.0,2024.0,False,"Dhiraagu, Ooredoo Maldives",2,8,,0,0,0,0,0
dos-continentes-l-ll,DOS CONTINENTES l & ll,95 km,95.0,2020.0,False,GTD España,1,4,http://www.gtdespana.com/,0,0,0,0,0
dumai-melaka-cable-system-dmcs,Dumai-Melaka Cable System (DMCS),159 km,159.0,2005.0,False,"Telekom Malaysia, Telkom Indonesia",2,2,https://www.tm.com.my,0,0,0,0,0
dunant,Dunant,"6,400 km",6400.0,2021.0,False,Google,1,2,https://cloud.google.com,1,0,0,0,0
e-finest,E-FINEST,,,2019.0,False,Elisa Corporation,1,2,,0,0,0,0,0
e-llan,E-LLAN,,,2007.0,False,Manx Electricity Authority,1,2,,0,0,0,0,0
e2a,E2A,"12,500 km",12500.0,2029.0,True,"Chunghwa Telecom, SK Broadband, Softbank, Verizon",4,6,,0,0,0,0,0
eac-c2c,EAC-C2C,"36,500 km",36500.0,2002.0,False,Telstra,1,16,https://www.telstrainternational.com/,0,0,0,0,0
eagle,EAGLE,"1,900 km",1900.0,2028.0,True,"4iG Group, Telecom Egypt",2,3,,0,0,0,0,0
east-micronesia-cable-system-emcs,East Micronesia Cable System (EMCS),"2,250 km",2250.0,2026.0,True,"BwebwerikiNET Limited (BNL), Federated States of Micronesia Telecommunications Cable Corporation (FSMTCC), Nauru Fibre Cable Corporation",3,4,https://www.eastmicronesiacable.com/,0,0,0,0,0
east-west-cable-ewc,East-West Cable (EWC),"1,705 km",1705.0,2011.0,False,Liberty Networks,1,3,https://libertynet.com/contact,0,0,0,0,0
east-west-submarine-cable-system,East-West Submarine Cable System,950 km,950.0,2004.0,False,Sacofa,1,4,https://www.sacofa.com.my,0,0,0,0,0
eastern-africa-submarine-system-eassy,Eastern Africa Submarine System (EASSy),"10,500 km",10500.0,2010.0,False,"BT, Bayobab, Bharti Airtel, Botswana Fibre Networks, Comores Telecom, Djibouti Telecom, Liquid Intelligent Technologies, Mauritius Telecom, Orange, Sudatel, Tanzania Telecommunication Corporation, Telkom Kenya, Telkom South Africa, Telma (Telecom Malagasy), Vodacom DRC, WIOCC, Zambia Telecom, center3, e&",19,9,,0,0,0,0,0
eastern-caribbean-fiber-system-ecfs,Eastern Caribbean Fiber System (ECFS),"1,335 km",1335.0,1995.0,False,"AT&T, Claro Dominicana (Codetel), Guyana Telephone and Telegraph (GT&T), Liberty Networks, Orange, Verizon",6,13,,0,0,0,0,0
eastern-light-sweden-finland-i,Eastern Light Sweden-Finland I,,,2019.0,False,Eastern Light,1,4,https://easternlight.se/,0,0,0,0,0
eastern-light-sweden-finland-ii,Eastern Light Sweden-Finland II,,,2027.0,True,Eastern Light,1,4,https://easternlight.se/,0,0,0,0,0
eaufon-1,EAUFON 1,"1,175 km",1175.0,2022.0,False,Tamaani Internet,1,5,http://krg.ca/,0,0,0,0,0
eaufon-2,EAUFON 2,675 km,675.0,2024.0,False,Tamaani Internet,1,6,,0,0,0,0,0
eaufon-3,EAUFON 3,900 km,900.0,2027.0,True,Tamaani Internet,1,7,,0,0,0,0,0
ec-link,EC Link,"1,078 km",1078.0,2007.0,False,Liberty Networks,1,2,https://libertynet.com,0,0,0,0,0
echo,Echo,"17,184 km",17184.0,2025.0,False,"Google, Meta",2,6,,1,1,0,0,0
elektra-globalconnect-1-gc1,Elektra-GlobalConnect 1 (GC1),44 km,44.0,2000.0,False,GlobalConnect,1,2,https://www.globalconnectcarrier.com/,0,0,0,0,0
ellalink,EllaLink,"6,200 km",6200.0,2021.0,False,EllaLink,1,7,https://www.ella.link/,0,0,0,0,0
emc-west-1,EMC West-1,"3,639 km",3639.0,2027.0,True,EMC Subsea Cable Company Limited,1,5,,0,0,0,0,0
emc-west-2,EMC West-2,"3,978 km",3978.0,2027.0,True,EMC Subsea Cable Company Limited,1,4,,0,0,0,0,0
emerald-bridge-fibres,Emerald Bridge Fibres,120 km,120.0,2012.0,False,Zayo,1,2,https://zayoeurope.com/,0,0,0,0,0
energinet-laeso-varberg,Energinet Laeso-Varberg,,,2011.0,False,Energinet,1,2,,0,0,0,0,0
energinet-lyngsa-laeso,Energinet Lyngsa-Laeso,,,2011.0,False,Energinet,1,2,,0,0,0,0,0
energy-bridge-cable,Energy Bridge Cable,13 km,13.0,2017.0,False,Miranda Media,1,2,,0,0,0,0,0
epic-malta-sicily-cable-system-emscs,Epic Malta-Sicily Cable System (EMSCS),260 km,260.0,2004.0,False,Epic,1,2,https://epic.com.mt/,0,0,0,0,0
equiano,Equiano,"15,000 km",15000.0,2023.0,False,Google,1,6,https://cloud.google.com,1,0,0,0,0
esat-2,ESAT-2,245 km,245.0,2000.0,False,Esat BT,1,2,http://www.fiberatlantic.com/system/KrQqY,0,0,0,0,0
est-tet,Est-Tet,113 km,113.0,1994.0,False,"Maroc Telecom, Telxius",2,2,,0,0,0,0,0
europe-india-gateway-eig,Europe India Gateway (EIG),"15,000 km",15000.0,2011.0,False,"AT&T, Altice Portugal, BT, Bayobab, Bharat Sanchar Nigam Ltd. (BSNL), Bharti Airtel, Djibouti Telecom, Gibtelecom, Kalaam Telecom, Libya International Telecommunications Company, Telecom Egypt, Telkom South Africa, Verizon, Vodafone, Zain Omantel International, center3, du",17,12,,0,0,0,0,0
eviny-digital,Eviny Digital,210 km,210.0,2020.0,False,Lyse Tele AS,1,3,https://www.lyse.no/,0,0,0,0,0
exa-express,EXA Express,"4,600 km",4600.0,2015.0,False,EXA Infrastructure,1,3,https://exainfra.net/,0,0,0,0,0
exa-north-and-south,EXA North and South,"12,200 km",12200.0,2001.0,False,EXA Infrastructure,1,5,https://exainfra.net/,0,0,0,0,0
exelera-north,Exelera North,345 km,345.0,2012.0,False,Exelera,1,2,https://www.exelera.net/,0,0,0,0,0
falcon,FALCON,"10,300 km",10300.0,2006.0,False,FLAG,1,19,https://flagtel.com/,0,0,0,0,0
far-east-submarine-cable-system,Far East Submarine Cable System,"1,855 km",1855.0,2016.0,False,Rostelecom,1,3,https://www.company.rt.ru/,0,0,0,0,0
farewell-change-fogo,Farewell-Change-Fogo,16 km,16.0,2025.0,False,Bell Canada,1,3,,0,0,0,0,0
farice-1,FARICE-1,"1,205 km",1205.0,2004.0,False,Farice,1,3,http://www.farice.is,0,0,0,0,0
farland-north,Farland North,150 km,150.0,1998.0,False,BT,1,2,,0,0,0,0,0
faster,FASTER,"11,629 km",11629.0,2016.0,False,"China Mobile, China Telecom, Google, KDDI, Singtel, TIME dotCom",6,4,,1,0,0,0,1
fastnet,Fastnet,,,2028.0,True,Amazon Web Services,1,2,https://aws.amazon.com/,0,0,1,0,0
fea,FEA,,,1997.0,False,FLAG,1,8,https://flagtel.com/,0,0,0,0,0
fehmarn-blt,Fehmarn Bält,20 km,20.0,2000.0,False,Arelion,1,2,,0,0,0,0,0
fiber-optic-gulf-fog,Fiber Optic Gulf (FOG),"1,300 km",1300.0,1998.0,False,"Bahrain Telecommunications Company (Batelco), Kuwait Ministry of Communications, Ooredoo, e&",4,4,,0,0,0,0,0
fibra-optica-al-pacfico,Fibra Optica al Pacífico,"1,180 km",1180.0,2020.0,False,Entel Bolivia,1,2,https://www.entel.bo/,0,0,0,0,0
fibra-optica-austral,Fibra Optica Austral,"2,800 km",2800.0,2020.0,False,Subtel,1,4,https://fibraopticaaustral.cl/,0,0,0,0,0
fibralink,Fibralink,"1,102 km",1102.0,2006.0,False,Liberty Networks,1,5,https://libertynet.com,0,0,0,0,0
fibre-in-gulf-fig,Fibre in Gulf (FIG),"1,931 km",1931.0,2027.0,True,Ooredoo,1,7,https://www.ooredoo.com/,0,0,0,0,0
finland-estonia-2-eesf-2,Finland-Estonia 2 (EESF-2),98 km,98.0,1992.0,False,"Arelion, Telia Eesti (formerly Eesti Telekom, EMT, Elion)",4,2,,0,0,0,0,0
finland-estonia-3-eesf-3,Finland-Estonia 3 (EESF-3),104 km,104.0,1994.0,False,"Arelion, Telia Eesti (formerly Eesti Telekom, EMT, Elion)",4,2,,0,0,0,0,0
finland-estonia-connection-1-fec-1,Finland Estonia Connection 1 (FEC-1),,,2000.0,False,Elisa Corporation,1,2,http://www.elisa.com,0,0,0,0,0
finland-estonia-connection-2-fec-2,Finland Estonia Connection 2 (FEC-2),,,2000.0,False,Elisa Corporation,1,2,http://www.elisa.com,0,0,0,0,0
firmina,Firmina,"14,517 km",14517.0,2025.0,False,Google,1,4,https://cloud.google.com,1,0,0,0,0
fish-north,FISH North,90 km,90.0,2011.0,False,Cordova Telecom Cooperative,1,2,https://www.ctcak.net/,0,0,0,0,0
fish-south,FISH South,900 km,900.0,2027.0,True,Cordova Telecom Cooperative,1,6,https://www.ctcak.net/,0,0,0,0,0
fish-west,FISH West,276 km,276.0,2027.0,True,Cordova Telecom Cooperative,1,4,https://www.ctcak.net/,0,0,0,0,0
flag-atlantic-1-fa-1,FLAG Atlantic-1 (FA-1),"14,500 km",14500.0,2001.0,False,FLAG,1,4,https://flagtel.com/,0,0,0,0,0
flag-north-asia-loopreach-north-asia-loop,FLAG North Asia Loop/REACH North Asia Loop,"9,504 km",9504.0,2001.0,False,"FLAG, PCCW, Telstra",3,4,,0,0,0,0,0
flores-corvo-cable-system,Flores-Corvo Cable System,685 km,685.0,2014.0,False,Viatel,1,4,http://www.viatel.pt,0,0,0,0,0
fly-lion3,FLY-LION3,400 km,400.0,2019.0,False,"Comoros Cables, Orange, Société Réunionnaise du Radiotéléphone",3,2,,0,0,0,0,0
fos-quellon-chacabuco,FOS Quellon-Chacabuco,350 km,350.0,2015.0,False,Grupo Gtd,1,2,https://www.gtd.cl,0,0,0,0,0
gc-lnz-fu-ring,GC-LNZ-FU Ring,553 km,553.0,2028.0,True,Canalink,1,6,,0,0,0,0,0
gemini-bermuda,Gemini Bermuda,"1,501 km",1501.0,2007.0,False,"Liberty Networks, Orange",2,2,,0,0,0,0,0
geo-eirgrid,Geo-Eirgrid,187 km,187.0,2012.0,False,Eirgrid,1,2,http://www.zayo.com,0,0,0,0,0
georgia-russia,Georgia-Russia,433 km,433.0,2000.0,False,"FOPTNET, GEO-METRIA, Rostelecom",3,3,https://www.company.rt.ru/,0,0,0,0,0
germany-denmark-3,Germany-Denmark 3,,,2000.0,False,TDC Group,1,2,,0,0,0,0,0
glo-1,Glo-1,"9,800 km",9800.0,2010.0,False,Globacom Limited,1,3,https://www.gloworld.com,0,0,0,0,0
global-caribbean-network-gcn,Global Caribbean Network (GCN),890 km,890.0,2006.0,False,Loret Group,1,6,https://groupeloret.net/brand/global-caribbean-network/,0,0,0,0,0
globalconnect-2-gc2,GlobalConnect 2 (GC2),95 km,95.0,2001.0,False,GlobalConnect,1,2,https://www.globalconnectcarrier.com/,0,0,0,0,0
globalconnect-3-gc3,GlobalConnect 3 (GC3),19 km,19.0,2006.0,False,GlobalConnect,1,2,https://www.globalconnectcarrier.com/,0,0,0,0,0
globalconnect-6-gc6,GlobalConnect 6 (GC6),,,2019.0,False,GlobalConnect,1,2,https://globalconnectcarrier.com/,0,0,0,0,0
globalconnect-denmark-sweden,GlobalConnect Denmark-Sweden,,,1994.0,False,GlobalConnect,1,2,,0,0,0,0,0
globalconnect-kpn,GlobalConnect-KPN,43 km,43.0,2006.0,False,GlobalConnect,1,2,https://www.globalconnectcarrier.com/,0,0,0,0,0
globenet,GlobeNet,"23,500 km",23500.0,2000.0,False,V.tal,1,7,https://www.vtal.com/en/home/,0,0,0,0,0
go-1-mediterranean-cable-system,GO-1 Mediterranean Cable System,290 km,290.0,2008.0,False,GO plc,1,2,https://www.go.com.mt/business,0,0,0,0,0
gondwana-1,Gondwana-1,"2,151 km",2151.0,2008.0,False,OPT,1,2,https://www.opt.nc/,0,0,0,0,0
gondwana-2picot-2,Gondwana-2/Picot-2,"1,515 km",1515.0,2022.0,False,OPT,1,7,https://www.opt.nc/,0,0,0,0,0
grace-hopper,Grace Hopper,"7,191 km",7191.0,2022.0,False,Google,1,3,https://cloud.google.com,1,0,0,0,0
grand-bahama-bimini-submarine-cable,Grand Bahama Bimini Submarine Cable,117 km,117.0,2005.0,False,Bahamas Telecommunications Company,1,2,,0,0,0,0,0
greenland-connect,Greenland Connect,"4,580 km",4580.0,2009.0,False,Tusass A/S,1,4,https://www.tusass.gl/,0,0,0,0,0
greenland-connect-north,Greenland Connect North,680 km,680.0,2017.0,False,Tusass A/S,1,4,https://www.tusass.gl/,0,0,0,0,0
groix-4,Groix 4,7 km,7.0,2022.0,False,Orange,1,2,,0,0,0,0,0
groote-eylandt,Groote Eylandt,95 km,95.0,2011.0,False,Telstra,1,2,,0,0,0,0,0
gtmo-1,GTMO-1,"1,528 km",1528.0,2016.0,False,U.S. Government,1,2,,0,0,0,0,0
gtmo-pr,GTMO-PR,"1,400 km",1400.0,2019.0,False,U.S. Government,1,2,,0,0,0,0,0
guadeloupe-cable-des-iles-du-sud-gcis,Guadeloupe Cable des Iles du Sud (GCIS),118 km,118.0,2020.0,False,Regional Councel of Guadeloupe,1,5,https://www.regionguadeloupe.fr/accueil/#_,0,0,0,0,0
guam-okinawa-kyushu-incheon-goki,Guam Okinawa Kyushu Incheon (GOKI),"4,244 km",4244.0,2013.0,False,AT&T,1,3,http://www.att.com,0,0,0,0,0
guernsey-jersey-4,Guernsey-Jersey-4,36 km,36.0,1994.0,False,Sure,1,2,,0,0,0,0,0
gulf-bridge-international-cable-systemmiddle-east-north-africa-cable-system-gbicsmena,Gulf Bridge International Cable System/Middle East North Africa Cable System (GBICS/MENA),"5,270 km",5270.0,2012.0,False,Gulf Bridge International,1,9,http://www.gbiinc.com,0,0,0,0,0
gulf-of-california-cable,Gulf of California Cable,250 km,250.0,2019.0,False,Megacable,1,2,https://www.megacable.com.mx/,0,0,0,0,0
gulf-of-mexico-fiber-optic-network,Gulf of Mexico Fiber Optic Network,"1,200 km",1200.0,2008.0,False,Tampnet,1,2,https://www.tampnet.com/,0,0,0,0,0
gulf2africa-g2a,Gulf2Africa (G2A),"1,500 km",1500.0,2017.0,False,"Golis Telecommunications, Telesom, Zain Omantel International",3,3,,0,0,0,0,0
hachijojima-mainland,Hachijojima-Mainland,,,2008.0,False,NTT,1,2,,0,0,0,0,0
haikou-beihai-cable,Haikou-Beihai Cable,198 km,198.0,1999.0,False,China Telecom,1,2,,0,0,0,0,1
hainan-to-hong-kong-express-h2he,Hainan to Hong Kong Express (H2HE),675 km,675.0,2021.0,False,China Mobile,1,3,https://www.chinamobileltd.com/en/global/home.php,0,0,0,0,1
halaihai,Halaihai,"17,483 km",17483.0,2029.0,True,Google,1,5,https://cloud.google.com,1,0,0,0,0
hannibal-system,HANNIBAL System,178 km,178.0,2009.0,False,Tunisia Telecom,1,2,http://www.tunisietelecom.tn,0,0,0,0,0
hantru1-cable-system,HANTRU1 Cable System,"2,917 km",2917.0,2010.0,False,"Federated States of Micronesia Telecommunications Cable Corporation (FSMTCC), Hannon Armstrong, Marshall Islands Telecommunications Authority",3,4,,0,0,0,0,0
havfrueaec-2,Havfrue/AEC-2,"7,650 km",7650.0,2020.0,False,"Bulk Infrastructure, EXA Infrastructure, Google, Meta",4,4,,1,1,0,0,0
havhingstenceltixconnect-2-cc-2,Havhingsten/CeltixConnect-2 (CC-2),301 km,301.0,2022.0,False,"Bulk Infrastructure, EXA Infrastructure, Meta",3,4,,0,1,0,0,0
havhingstennorth-sea-connect-nsc,Havhingsten/North Sea Connect (NSC),661 km,661.0,2022.0,False,"Bulk Infrastructure, EXA Infrastructure, Meta",3,2,,0,1,0,0,0
havsil,Havsil,120 km,120.0,2022.0,False,Bulk Infrastructure,1,2,http://bulkinfrastructure.com/,0,0,0,0,0
hawaii-inter-island-cable-system-hics,Hawaii Inter-Island Cable System (HICS),479 km,479.0,1994.0,False,Hawaiian Telcom,1,5,,0,0,0,0,0
hawaii-island-fibre-network-hifn,Hawaii Island Fibre Network (HIFN),529 km,529.0,1997.0,False,"Hawaiian Telcom, Lumen",2,7,,0,0,0,0,0
hawaiian-islands-fiber-link-hifl,Hawaiian Islands Fiber Link (HIFL),740 km,740.0,2026.0,True,"Ocean Networks, University of Hawai’i",2,6,https://www.oceannetworks.com/,0,0,0,0,0
hawaiki,Hawaiki,"14,000 km",14000.0,2018.0,False,BW Digital,1,6,https://www.bw-digital.com/,0,0,0,0,0
hawaiki-nui-1,Hawaiki Nui 1,"10,000 km",10000.0,2027.0,True,BW Digital,1,9,https://www.bw-digital.com/,0,0,0,0,0
hawk,Hawk,"3,400 km",3400.0,2011.0,False,FLAG,1,3,https://flagtel.com/,0,0,0,0,0
high-capacity-undersea-guernsey-optical-fibre-hugo,High-capacity Undersea Guernsey Optical-fibre (HUGO),425 km,425.0,2007.0,False,"Sure, Vodafone",2,4,,0,0,0,0,0
hokkaido-akita-cable,Hokkaido-Akita Cable,770 km,770.0,2023.0,False,"KDDI, NTT, Rakuten, Softbank",4,2,,0,0,0,0,0
hokkaido-rebun-rishiri,Hokkaido-Rebun-Rishiri,64 km,64.0,2011.0,False,NTT,1,3,,0,0,0,0,0
hokkaido-sakhalin-cable-system-hscs,Hokkaido-Sakhalin Cable System (HSCS),570 km,570.0,2008.0,False,"NTT, TTK",2,2,,0,0,0,0,0
honomoana,Honomoana,"15,215 km",15215.0,2026.0,True,Google,1,6,https://cloud.google.com,1,0,0,0,0
honotua,Honotua,"4,805 km",4805.0,2010.0,False,OPT French Polynesia,1,6,http://www.opt.pf,0,0,0,0,0
hronn,Hronn,270 km,270.0,2022.0,False,Shefa,1,3,https://www.shefa.fo/cables/,0,0,0,0,0
i-am-cable,I-AM Cable,"8,100 km",8100.0,2029.0,True,"Intra‑Asia Marine Networks Co., Ltd.",2,6,,0,0,0,0,0
i2i-cable-network-i2icn,i2i Cable Network (i2icn),"3,200 km",3200.0,2002.0,False,Bharti Airtel,1,2,http://www.airtel.in,0,0,0,0,0
iceni,Iceni,,,2024.0,False,BT,1,2,,0,0,0,0,0
imewe,IMEWE,"12,091 km",12091.0,2010.0,False,"Bharti Airtel, Ogero, Orange, Pakistan Telecommunications Company Ltd., Sparkle, Tata Communications, Telecom Egypt, center3, e&",9,9,https://imewecable.com/,0,0,0,0,0
india-asia-xpress-iax,India Asia Xpress (IAX),"5,791 km",5791.0,2024.0,False,"China Mobile, Reliance Jio Infocomm",2,9,,0,0,0,0,1
india-europe-xpress-iex,India Europe Xpress (IEX),"9,775 km",9775.0,2026.0,True,"China Mobile, Reliance Jio Infocomm",2,11,,0,0,0,0,1
indigo-central,INDIGO-Central,"4,850 km",4850.0,2019.0,False,"Australia’s Academic and Research Network (AARNET), Google, Indosat Ooredoo, Singtel Optus, Superloop",5,2,,1,0,0,0,0
indigo-west,INDIGO-West,"4,600 km",4600.0,2019.0,False,"Australia’s Academic and Research Network (AARNET), Google, Indosat Ooredoo, Singtel, Superloop, Telstra",6,3,,1,0,0,0,0
indonesia-global-gateway-igg-system,Indonesia Global Gateway (IGG) System,"5,300 km",5300.0,2018.0,False,"Telin, Telkom Indonesia",2,10,https://www.telin.net/,0,0,0,0,0
indonesia-tengah-cable-systems,Indonesia Tengah Cable Systems,"2,641 km",2641.0,2027.0,True,"PT Jejaring Mitra Persada, Triasmitra",2,10,,0,0,0,0,0
ingrid,INGRID,64 km,64.0,2004.0,False,CIEG,1,4,,0,0,0,0,0
insica,INSICA,100 km,100.0,2026.0,True,"Singtel, Telin",2,2,,0,0,0,0,0
interchange-cable-network-1-icn1,Interchange Cable Network 1 (ICN1),"1,259 km",1259.0,2014.0,False,Interchange,1,2,http://www.interchange.vu,0,0,0,0,0
ioema-1,IOEMA-1,"1,667 km",1667.0,2029.0,True,IOEMA Fibre,1,7,https://ioemafibre.eu/,0,0,0,0,0
ionian,Ionian,320 km,320.0,2023.0,False,IslaLink,1,2,http://www.islalink.com/,0,0,0,0,0
iris,IRIS,"1,770 km",1770.0,2023.0,False,Farice,1,2,http://www.farice.is,0,0,0,0,0
isle-au-haut-cable,Isle Au Haut Cable,10 km,10.0,2024.0,False,Axiom Technologies,1,2,,0,0,0,0,0
isles-of-scilly-cable,Isles of Scilly Cable,,,2014.0,False,BT,1,2,,0,0,0,0,0
israel-coasting-1-ic-1,Israel Coasting 1 (IC-1),340 km,340.0,2000.0,False,Partner Communications Company,1,7,,0,0,0,0,0
italy-albania,Italy-Albania,240 km,240.0,1997.0,False,"ALBtelecom, Sparkle",2,2,,0,0,0,0,0
italy-croatia,Italy-Croatia,230 km,230.0,1994.0,False,"Hrvatski Telekom, Sparkle",2,2,,0,0,0,0,0
italy-greece-1-ig-1,Italy-Greece 1 (IG-1),169 km,169.0,1995.0,False,WIS Telecom,1,2,http://www.wis.one,0,0,0,0,0
italy-libya,Italy-Libya,570 km,570.0,1998.0,False,"Libya International Telecommunications Company, Sparkle",2,2,,0,0,0,0,0
italy-malta,Italy-Malta,238 km,238.0,1994.0,False,"GO plc, Sparkle",2,2,,0,0,0,0,0
italy-monaco,Italy-Monaco,162 km,162.0,1995.0,False,"Monaco Telecom, Sparkle",2,2,,0,0,0,0,0
ithaafushi-maafushi-hulhumale,Ithaafushi-Maafushi-Hulhumale,,,2025.0,False,Ooredoo Maldives,1,3,,0,0,0,0,0
ixchel,Ixchel,20 km,20.0,2007.0,False,Telmex,1,2,https://telmex.com/,0,0,0,0,0
izu-islands-cable-system,Izu Islands Cable System,,,1996.0,False,NTT,1,4,,0,0,0,0,0
jaka2ladema,JaKa2LaDeMa,"1,700 km",1700.0,2010.0,False,Telkom Indonesia,1,10,,0,0,0,0,0
jakabare,JAKABARE,"1,330 km",1330.0,2009.0,False,Indosat Ooredoo,1,4,https://indosatooredoo.com,0,0,0,0,0
jakarta-bangka-batam-singapore-b2js,Jakarta-Bangka-Batam-Singapore (B2JS),759 km,759.0,2013.0,False,Triasmitra,1,5,,0,0,0,0,0
jakarta-bangka-bintan-batam-singapore-b3js,Jakarta-Bangka-Bintan-Batam-Singapore (B3JS),"1,031 km",1031.0,2012.0,False,Moratelindo,1,6,http://www.moratelindo.co.id,0,0,0,0,0
jakarta-surabaya-cable-system-jayabaya,Jakarta Surabaya Cable System (JAYABAYA),888 km,888.0,2018.0,False,Triasmitra,1,4,http://www.triasmitra.com/,0,0,0,0,0
jako,JAKO,260 km,260.0,2027.0,True,"Amazon Web Services, Arteria, Dreamline, Microsoft",4,2,,0,0,1,1,0
jalapati,Jalapati,45 km,45.0,2023.0,False,CCSI,1,2,https://www.ccsi.co.id/home-id-jalapati/,0,0,0,0,0
jamaica-submarine-cable-festoon-system-jscfs,Jamaica Submarine Cable Festoon System (JSCFS),342 km,342.0,1997.0,False,CW Jamaica,1,4,,0,0,0,0,0
jambi-batam-cable-system-jiba,Jambi-Batam Cable System (JIBA),267 km,267.0,2014.0,False,"Indosat Ooredoo, Moratelindo, XLSmart",3,2,http://www.moratelindo.co.id,0,0,0,0,0
janna,Janna,634 km,634.0,2005.0,False,"EXA Infrastructure, Regione Sardegne, Tiscali, WINDTRE",4,4,,0,0,0,0,0
japan-guam-australia-north-jga-n,Japan-Guam-Australia North (JGA-N),"2,600 km",2600.0,2020.0,False,Lightstorm Telecom,1,2,https://www.lightstorm.net/,0,0,0,0,0
japan-guam-australia-south-jga-s,Japan-Guam-Australia South (JGA-S),"7,081 km",7081.0,2020.0,False,"Australia’s Academic and Research Network (AARNET), Google, Lightstorm Telecom",3,3,https://www.lightstorm.net/,1,0,0,0,0
japan-information-highway-jih,Japan Information Highway (JIH),"5,150 km",5150.0,1999.0,False,KDDI,1,9,,0,0,0,0,0
jasuka,JaSuKa,,,2006.0,False,Telkom Indonesia,1,7,https://www.telkom.co.id/,0,0,0,0,0
java-bali-cable-system-jbcs,Java Bali Cable System (JBCS),,,2013.0,False,Triasmitra,1,2,http://www.triasmitra.com/,0,0,0,0,0
java-kalimantan-sulawesi-jakasusi,Java-Kalimantan-Sulawesi (JAKASUSI),"1,100 km",1100.0,2006.0,False,Indosat Ooredoo,1,3,https://indosatooredoo.com/,0,0,0,0,0
javali,JAVALI,,,2011.0,False,Indosat Ooredoo,1,2,,0,0,0,0,0
jeju-mainland-2,Jeju-Mainland 2,191 km,191.0,1996.0,False,KT,1,2,,0,0,0,0,0
jeju-mainland-3,Jeju-Mainland 3,236 km,236.0,2000.0,False,KT,1,2,,0,0,0,0,0
jeju-udo,Jeju-Udo,3 km,3.0,2023.0,False,"KCTV Jeju Broadcasting, KT, LG Uplus, SK Telecom (SKT)",4,2,,0,0,0,0,0
jerry-newton,Jerry Newton,88 km,88.0,2007.0,False,Liberty Networks,1,2,https://libertynet.com,0,0,0,0,0
jonah,Jonah,"2,297 km",2297.0,2012.0,False,Bezeq International Ltd.,1,2,https://www.bezeqint.net/,0,0,0,0,0
junior,Junior,390 km,390.0,2018.0,False,Google,1,2,https://cloud.google.com,1,0,0,0,0
juno,JUNO,"11,710 km",11710.0,2025.0,False,Seren Juno,1,3,https://seren-juno.com/,0,0,0,0,0
jupiter,JUPITER,"14,557 km",14557.0,2020.0,False,"Amazon Web Services, Meta, NTT, PCCW, PLDT, Softbank",6,5,,0,1,1,0,0
kafos,KAFOS,538 km,538.0,1997.0,False,Turk Telekom International,1,4,,0,0,0,0,0
kanawa,Kanawa,"1,746 km",1746.0,2019.0,False,Orange,1,2,,0,0,0,0,0
kangaroo-island-2,Kangaroo Island 2,,,2024.0,False,SA Power Networks,1,2,,0,0,0,0,0
kardesa,Kardesa,"1,385 km",1385.0,2027.0,True,"Neqsol Holding, Vodafone",2,4,,0,0,0,0,0
kattegat-2,Kattegat 2,75 km,75.0,2001.0,False,TDC Group,1,4,,0,0,0,0,0
kattegat-cable,Kattegat Cable,92 km,92.0,2027.0,True,GlobalConnect,1,2,www.globalconnectcarrier.com,0,0,0,0,0
kerch-strait-cable,Kerch Strait Cable,46 km,46.0,2014.0,False,Miranda Media,1,2,,0,0,0,0,0
ketchcan1-submarine-fiber-cable-system,KetchCan1 Submarine Fiber Cable System,167 km,167.0,2020.0,False,Ketchican Public Utilities,1,2,https://www.kputel.com/,0,0,0,0,0
kingisepp-kaliningrad-system-baltika,Kingisepp-Kaliningrad System (Baltika),"1,115 km",1115.0,2021.0,False,Rostelecom,1,2,https://www.company.rt.ru/en/,0,0,0,0,0
kitadaito-island,Kitadaito Island,410 km,410.0,2022.0,False,Okinawa Prefecture,1,2,,0,0,0,0,0
kochi-lakshadweep-islands-kli-sofc,Kochi-Lakshadweep Islands (KLI-SOFC),"1,989 km",1989.0,2024.0,False,Bharat Sanchar Nigam Ltd. (BSNL),1,12,http://www.bsnl.co.in,0,0,0,0,0
kodiak-kenai-fiber-link-kkfl,Kodiak Kenai Fiber Link (KKFL),966 km,966.0,2007.0,False,GCI Communication Corp,1,6,https://www.gci.com/,0,0,0,0,0
konstanz-friedrichshafen,Konstanz-Friedrichshafen,26 km,26.0,2007.0,False,Stadtwerke Konstanz,1,2,,0,0,0,0,0
konstanz-meersburg,Konstanz-Meersburg,5 km,5.0,2010.0,False,Stadtwerke Konstanz,1,2,,0,0,0,0,0
korea-japan-cable-network-kjcn,Korea-Japan Cable Network (KJCN),500 km,500.0,2002.0,False,"KT, NTT, QTNet, Softbank",4,3,,0,0,0,0,0
kumul-domestic-submarine-cable-system,Kumul Domestic Submarine Cable System,"5,457 km",5457.0,2019.0,False,PNG DataCo Limited,1,15,https://www.pngdataco.com/,0,0,0,0,0
kupang-alor-cable-systems,Kupang-Alor Cable Systems,273 km,273.0,2019.0,False,Moratelindo,1,2,http://moratelindo.co.id,0,0,0,0,0
kuwait-iran,Kuwait-Iran,380 km,380.0,2005.0,False,"Kuwait Ministry of Communications, Telecommunication Infrastructure Company of Iran",2,4,,0,0,0,0,0
la-gomera-el-hierro,La Gomera-El Hierro,,,,False,Telefonica,1,2,,0,0,0,0,0
labuan-brunei-submarine-cable,Labuan-Brunei Submarine Cable,52 km,52.0,2017.0,False,Common Tower Technologies Sdn Bhd,1,2,http://www.cttsb.com.my,0,0,0,0,0
lake-albert-1,Lake Albert 1,51 km,51.0,2019.0,False,Bandwidth and Cloud Services (BCS),1,2,https://www.bcs-ea.com/,0,0,0,0,0
lake-albert-2,Lake Albert 2,44 km,44.0,2020.0,False,Bandwidth and Cloud Services (BCS),1,2,https://www.bcs-ea.com/,0,0,0,0,0
lake-michigan-chicago-crossing,Lake Michigan Chicago Crossing,,,2028.0,True,"123NET, Peninsula Fiber Network (PFN)",2,3,,0,0,0,0,0
lake-michigan-crossing-peninsula-and-island-connection,Lake Michigan Crossing Peninsula and Island Connection,,,2028.0,True,"123NET, Peninsula Fiber Network (PFN)",2,3,,0,0,0,0,0
lake-tanganyika,Lake Tanganyika,370 km,370.0,2025.0,False,Bandwidth and Cloud Services (BCS),1,2,https://www.bcs-ea.com/,0,0,0,0,0
lanis-1,Lanis-1,113 km,113.0,1992.0,False,Vodafone,1,2,,0,0,0,0,0
lanis-2,Lanis-2,67 km,67.0,1992.0,False,Vodafone,1,2,,0,0,0,0,0
lanis-3,Lanis-3,122 km,122.0,1992.0,False,Vodafone,1,2,,0,0,0,0,0
latvia-sweden-1-lv-se-1,Latvia-Sweden 1 (LV-SE 1),304 km,304.0,1994.0,False,"Tele2, Tet",2,2,,0,0,0,0,0
lazaro-cardenas-manzanillo-santiago-submarine-cable-system-lcmsscs,Lazaro Cardenas-Manzanillo Santiago Submarine Cable System (LCMSSCS),322 km,322.0,2013.0,False,Telmex,1,3,https://telmex.com/,0,0,0,0,0
le-vasa,Le Vasa,,,2026.0,True,ASTCA,1,1,,0,0,0,0,0
les-dhyres-cable,Îles d'Hyères Cable,45 km,45.0,1996.0,False,Orange,1,5,,0,0,0,0,0
lfon-libyan-fiber-optic-network,LFON (Libyan Fiber Optic Network),"1,639 km",1639.0,1999.0,False,"Libyan Post, Telecommunications and Information Technology Company (LPTIC Holding)",2,13,,0,0,0,0,0
libreville-port-gentil-cable,Libreville-Port Gentil Cable,198 km,198.0,2012.0,False,Republic of Gabon,1,2,,0,0,0,0,0
lic-lin-lamp,Lic-Lin-Lamp,240 km,240.0,2000.0,False,Sparkle,1,3,,0,0,0,0,0
link-1-phase-1,Link 1 Phase-1,368 km,368.0,2003.0,False,XLSmart,1,2,https://www.xl.co.id,0,0,0,0,0
link-1-phase-2,Link 1 Phase-2,94 km,94.0,2005.0,False,XLSmart,1,2,https://www.xl.co.id,0,0,0,0,0
link-2-phase-1,Link 2 Phase-1,281 km,281.0,2004.0,False,XLSmart,1,2,https://www.xl.co.id,0,0,0,0,0
link-2-phase-2,Link 2 Phase-2,221 km,221.0,2005.0,False,XLSmart,1,2,https://www.xl.co.id,0,0,0,0,0
link-3-phase-1,Link 3 Phase-1,275 km,275.0,2003.0,False,XLSmart,1,2,https://www.xl.co.id,0,0,0,0,0
link-3-phase-2,Link 3 Phase-2,342 km,342.0,2005.0,False,XLSmart,1,3,https://www.xl.co.id,0,0,0,0,0
link-4-phase-2,Link 4 Phase-2,300 km,300.0,2005.0,False,XLSmart,1,2,https://www.xl.co.id,0,0,0,0,0
link-5-phase-2,Link 5 Phase-2,365 km,365.0,2005.0,False,XLSmart,1,2,https://www.xl.co.id,0,0,0,0,0
longyearbyen-ny-lesund,Longyearbyen-Ny-Ålesund,540 km,540.0,2015.0,False,Sikt,1,2,,0,0,0,0,0
lower-indian-ocean-network-2-lion2,Lower Indian Ocean Network 2 (LION2),"2,700 km",2700.0,2012.0,False,"Emtel, Mauritius Telecom, Orange, Orange Madagascar, Société Réunionnaise du Radiotéléphone, Telkom Kenya",6,2,https://lion-submarinesystem.com,0,0,0,0,0
lower-indian-ocean-network-lion,Lower Indian Ocean Network (LION),"1,060 km",1060.0,2009.0,False,"Mauritius Telecom, Orange, Orange Madagascar",3,3,https://lion-submarinesystem.com,0,0,0,0,0
lumut-pangkor-island,Lumut-Pangkor Island,4 km,4.0,2018.0,False,Telekom Malaysia,1,2,,0,0,0,0,0
luwuk-tutuyan-cable-system-ltcs,Luwuk Tutuyan Cable System (LTCS),446 km,446.0,2015.0,False,Telkom Indonesia,1,2,,0,0,0,0,0
lynn-canal-fiber,Lynn Canal Fiber,138 km,138.0,2016.0,False,Alaska Power & Telephone Company (AP&T),1,3,http://www.aptalaska.com,0,0,0,0,0
mainone,MainOne,"7,000 km",7000.0,2010.0,False,MainOne - An Equinix Company,1,5,https://www.mainone.net/,0,0,0,0,0
malaysia-cambodia-thailand-mct-cable,Malaysia-Cambodia-Thailand (MCT) Cable,"1,300 km",1300.0,2017.0,False,"Symphony, Telcotech, Telekom Malaysia",3,3,,0,0,0,0,0
malbec,Malbec,"2,880 km",2880.0,2021.0,False,"Meta, V.tal",2,4,https://www.vtal.com/en/home/,0,1,0,0,0
maldives-sri-lanka-cable-msc,Maldives Sri Lanka Cable (MSC),863 km,863.0,2021.0,False,"Dhiraagu, Dialog Axiata, Ooredoo Maldives",3,2,,0,0,0,0,0
malta-gozo-cable,Malta-Gozo Cable,13 km,13.0,2020.0,False,Gozo Fibre Optic Cable Ltd.,1,2,,0,0,0,0,0
malta-italy-interconnector,Malta-Italy Interconnector,95 km,95.0,2015.0,False,Government of Malta,1,2,,0,0,0,0,0
manatua,Manatua,"3,634 km",3634.0,2020.0,False,"Avaroa Cable Ltd., OPT French Polynesia, Samoa Submarine Cable Company, Telecom Niue",4,6,,0,0,0,0,0
manta,MANTA,"5,600 km",5600.0,2028.0,True,"Gold Data, Liberty Networks, Sparkle",3,6,,0,0,0,0,0
manx-northern-ireland,Manx-Northern Ireland,59 km,59.0,2000.0,False,BT,1,2,,0,0,0,0,0
marea,MAREA,"6,605 km",6605.0,2018.0,False,"Meta, Microsoft, Telxius",3,2,http://www.telxius.com,0,1,0,1,0
mariana-guam-cable,Mariana-Guam Cable,268 km,268.0,1997.0,False,PTI Pacifica,1,4,,0,0,0,0,0
maroc-telecom-west-africa,Maroc Telecom West Africa,"8,600 km",8600.0,2021.0,False,Maroc Telecom,1,6,http://www.iam.ma,0,0,0,0,0
mataram-kupang-cable-system-mkcs,Mataram Kupang Cable System (MKCS),"1,318 km",1318.0,2011.0,False,Telkom Indonesia,1,7,,0,0,0,0,0
matrix-cable-system,Matrix Cable System,"1,055 km",1055.0,2008.0,False,Matrix NAP Info,1,3,https://matrixnetworks.sg/,0,0,0,0,0
mauritius-and-rodrigues-submarine-cable-system-mars,Mauritius and Rodrigues Submarine Cable System (MARS),677 km,677.0,2019.0,False,Mauritius Telecom,1,2,https://www.myt.mu/mars,0,0,0,0,0
maya-1-2,Maya-1.2,"2,386 km",2386.0,2000.0,False,"Hondutel, Liberty Networks, Ufinet",3,3,https://libertynetworks.com/,0,0,0,0,0
med-cable-network,Med Cable Network,"1,300 km",1300.0,2005.0,False,Orascom Telecom Holding,1,4,,0,0,0,0,0
medloop,Medloop,"1,360 km",1360.0,2023.0,False,SIPARTECH Sarl,1,4,https://www.sipartech.com/,0,0,0,0,0
mednautilus-submarine-system,MedNautilus Submarine System,"7,000 km",7000.0,2001.0,False,Sparkle,1,7,https://www.globalbackbone.tisparkle.com/,0,0,0,0,0
medusa-submarine-cable-system,Medusa Submarine Cable System,"8,760 km",8760.0,2026.0,True,AFRIX Telecom,1,18,https://medusascs.com/,0,0,0,0,0
melita-1,Melita 1,97 km,97.0,2009.0,False,Melita,1,2,http://www.melita.com,0,0,0,0,0
meltingpot-indianoceanic-submarine-system-metiss,Meltingpot Indianoceanic Submarine System (METISS),"3,200 km",3200.0,2021.0,False,"*Canal+ Telecom, CEB Fibernet, Emtel, SFR, Telma (Telecom Malagasy), Zeop (incl. Reunicable)",6,4,,0,0,0,0,0
mercator,Mercator,,,2023.0,False,BT,1,2,,0,0,0,0,0
mid-atlantic-crossing-mac,Mid-Atlantic Crossing (MAC),"7,500 km",7500.0,2000.0,False,Cirion Technologies,1,3,https://www.ciriontechnologies.com,0,0,0,0,0
middle-east-north-africa-mena-cable-systemgulf-bridge-international,Middle East North Africa (MENA) Cable System/Gulf Bridge International,"8,000 km",8000.0,2014.0,False,"Gulf Bridge International, Telecom Egypt",2,5,https://www.te.eg/wps/portal/te/Business/Wholesale/,0,0,0,0,0
minamidaito-island,Minamidaito Island,410 km,410.0,2011.0,False,Okinawa Prefecture,1,2,,0,0,0,0,0
minoas-east-and-west,Minoas East and West,270 km,270.0,2021.0,False,Grid Telecom,1,2,https://www.grid-telecom.com/,0,0,0,0,0
mishima-village,Mishima Village,192 km,192.0,2010.0,False,Mishima Village,1,4,,0,0,0,0,0
mist,MIST,"8,100 km",8100.0,2024.0,False,Orient Link,1,5,https://orient-link.com/home/,0,0,0,0,0
miyazaki-okinawa-cable-moc,Miyazaki-Okinawa Cable (MOC),,,1997.0,False,KDDI,1,2,,0,0,0,0,0
mjolner-east,Mjolner East,450 km,450.0,2027.0,True,GlobalConnect,1,4,www.globalconnectcarrier.com,0,0,0,0,0
mjolner-west,Mjolner West,250 km,250.0,2027.0,True,GlobalConnect,1,2,www.globalconnectcarrier.com,0,0,0,0,0
mobily-red-sea-cable-mrsc,Mobily Red Sea Cable (MRSC),,,2027.0,True,Mobily,1,2,http://www.mobily.com.sa/,0,0,0,0,0
monet,Monet,"10,556 km",10556.0,2017.0,False,"Algar Telecom, Angola Cables, Antel Uruguay, Google",4,3,,1,0,0,0,0
moratelindo-international-cable-system-1-mic-1,Moratelindo International Cable System-1 (MIC-1),70 km,70.0,2008.0,False,Moratelindo,1,2,http://www.moratelindo.co.id,0,0,0,0,0
muroran-hachinohe,Muroran-Hachinohe,280 km,280.0,2002.0,False,Softbank,1,2,,0,0,0,0,0
n0r5ke-viking,N0r5ke Viking,810 km,810.0,2022.0,False,NOR5KE Fibre AS,1,16,https://www.n0r5kefibre.com/,0,0,0,0,0
national-digital-transmission-network-ndtn,National Digital Transmission Network (NDTN),"1,400 km",1400.0,1999.0,False,Telecoms Infrastructure Corporation of the Philippines (TelicPhil),1,4,,0,0,0,0,0
nationwide-submarine-cable-ooredoo-maldives-nascom,Nationwide Submarine Cable Ooredoo Maldives (NaSCOM),"1,136 km",1136.0,2016.0,False,Ooredoo Maldives,1,6,http://ooredoo.mv,0,0,0,0,0
natitua,Natitua,"2,680 km",2680.0,2018.0,False,OPT French Polynesia,1,11,https://www.natitua.pf/,0,0,0,0,0
natitua-sud,Natitua Sud,820 km,820.0,2023.0,False,OPT French Polynesia,1,3,https://www.natitua.pf/,0,0,0,0,0
nelson-levin,Nelson-Levin,212 km,212.0,2001.0,False,Spark New Zealand,1,2,http://www.spark.co.nz,0,0,0,0,0
new-cam-ring,New CAM Ring,"3,812 km",3812.0,2026.0,True,IP Telecom,1,6,https://www.iptelecom.pt/,0,0,0,0,0
new-cross-pacific-ncp-cable-system,New Cross Pacific (NCP) Cable System,"13,618 km",13618.0,2018.0,False,"China Mobile, China Telecom, China Unicom, Chunghwa Telecom, KT, Microsoft, Softbank",7,7,,0,0,0,1,1
nigeria-cameroon-submarine-cable-system-ncscs,Nigeria Cameroon Submarine Cable System (NCSCS),"1,100 km",1100.0,2015.0,False,Camtel,1,2,,0,0,0,0,0
ningbo-zhoushan-cable,Ningbo-Zhoushan Cable,35 km,35.0,1999.0,False,China Telecom,1,2,,0,0,0,0,1
no-uk,NO-UK,713 km,713.0,2021.0,False,NO-UK COM AS,1,2,https://www.altiboxcarrier.com/,0,0,0,0,0
nome-to-homer-express-nthe,Nome to Homer Express (NTHE),"1,545 km",1545.0,2027.0,True,Quintillion,1,8,https://www.quintillionglobal.com/,0,0,0,0,0
nongsa-changi,Nongsa-Changi,50 km,50.0,2026.0,True,"BW Digital, Telin",2,2,,0,0,0,0,0
nordbalt,NordBalt,400 km,400.0,2016.0,False,"Litgrid, Svenska Kraftnät",2,2,,0,0,0,0,0
norfest,Norfest,749 km,749.0,2023.0,False,Tampnet,1,10,https://www.tampnet.com/norfest,0,0,0,0,0
norte-conectado-infovia-00,Norte Conectado (Infovia 00),770 km,770.0,2022.0,False,"Aquamar Group, BR.Digital Telecom, ICOM Telecom, SEA Telecom, Telefonica, Wirelink",6,5,https://www.gov.br/mcom/pt-br/acesso-a-informacao/acoes-e-programas/programas-projetos-acoes-obras-e-atividades/norte-conectado,0,0,0,0,0
norte-conectado-infovia-01,Norte Conectado (Infovia 01),"1,100 km",1100.0,2023.0,False,"Alloha Fibra, América Móvil (Claro), Aquamar Group, BR Fibra, ICOM Telecom, Ozônio Telecom, PPLink, SEA Telecom, TIM Brasil, Telefonica, V.tal, Você Telecom",12,11,https://www.gov.br/mcom/pt-br/acesso-a-informacao/acoes-e-programas/programas-projetos-acoes-obras-e-atividades/norte-conectado,0,0,0,0,0
norte-conectado-infovia-02,Norte Conectado (Infovia 02),"1,796 km",1796.0,2026.0,True,Entidade Administradora da Faixa (EAF),1,13,https://eaf.org.br/infovias,0,0,0,0,0
norte-conectado-infovia-03,Norte Conectado (Infovia 03),600 km,600.0,2025.0,False,Entidade Administradora da Faixa (EAF),1,8,https://eaf.org.br/infovias,0,0,0,0,0
norte-conectado-infovia-04,Norte Conectado (Infovia 04),515 km,515.0,2026.0,True,Entidade Administradora da Faixa (EAF),1,4,https://eaf.org.br/infovias,0,0,0,0,0
norte-conectado-infovia-05,Norte Conectado (Infovia 05),"1,116 km",1116.0,2028.0,True,Entidade Administradora da Faixa (EAF),1,9,https://eaf.org.br/infovias,0,0,0,0,0
norte-conectado-infovia-06,Norte Conectado (Infovia 06),"2,847 km",2847.0,2028.0,True,Entidade Administradora da Faixa (EAF),1,2,https://eaf.org.br/infovias,0,0,0,0,0
norte-conectado-infovia-08,Norte Conectado (Infovia 08),"2,766 km",2766.0,2028.0,True,Entidade Administradora da Faixa (EAF),1,2,https://eaf.org.br/infovias,0,0,0,0,0
north-west-cable-system,North-West Cable System,"2,100 km",2100.0,2016.0,False,Vocus Communications,1,3,http://www.vocus.com.au,0,0,0,0,0
northern-lights,Northern Lights,67 km,67.0,2008.0,False,BT,1,2,,0,0,0,0,0
northstar,NorthStar,"3,229 km",3229.0,1999.0,False,Alaska Communications,1,4,https://www.alaskacommunications.com,0,0,0,0,0
nuvem,Nuvem,"7,194 km",7194.0,2026.0,True,Google,1,4,https://cloud.google.com,1,0,0,0,0
ogasawara-cable-network,Ogasawara Cable Network,"1,038 km",1038.0,2011.0,False,Tokyo Metropolitan Government,1,3,,0,0,0,0,0
okinawa-cellular-cable,Okinawa Cellular Cable,760 km,760.0,2020.0,False,Okinawa Cellular Telephone Company,1,2,https://www.au.com/okinawa_cellular/,0,0,0,0,0
okinawa-miyakojima-ishigaki,Okinawa-Miyakojima-Ishigaki,467 km,467.0,2004.0,False,NTT,1,3,,0,0,0,0,0
okinawa-remote-islands,Okinawa Remote Islands,915 km,915.0,2017.0,False,Okinawa Prefecture,1,9,,0,0,0,0,0
olisipo,Olisipo,110 km,110.0,2026.0,True,EllaLink,1,2,https://www.ella.link/,0,0,0,0,0
oman-australia-cable-oac,Oman Australia Cable (OAC),"11,000 km",11000.0,2022.0,False,SUBCO,1,5,https://sub.co/,0,0,0,0,0
omranepeg,OMRAN/EPEG,600 km,600.0,2013.0,False,"Vodafone, Zain Omantel International",2,5,http://www.omantel.om,0,0,0,0,0
oran-valencia-orval,Oran-Valencia (ORVAL),770 km,770.0,2020.0,False,Algerie Telecom,1,3,https://www.algerietelecom.dz/,0,0,0,0,0
orca,ORCA,"12,482 km",12482.0,2027.0,True,Meta,1,3,https://www.meta.com/,0,1,0,0,0
oskarshamn-visby,Oskarshamn-Visby,,,2008.0,False,GlobalConnect,1,2,https://globalconnectcarrier.com/,0,0,0,0,0
oteglobe-kokkini-bari,OTEGLOBE Kokkini-Bari,700 km,700.0,2004.0,False,OTEGLOBE,1,2,http://www.oteglobe.gr,0,0,0,0,0
pacific-caribbean-cable-system-pccs,Pacific Caribbean Cable System (PCCS),"6,163 km",6163.0,2015.0,False,"Liberty Networks, Setar, Telconet, Telxius, United Telecommunication Services (UTS)",5,9,,0,0,0,0,0
pacific-crossing-1-pc-1,Pacific Crossing-1 (PC-1),"21,000 km",21000.0,1999.0,False,Pacific Crossing,1,4,http://www.pc1.com,0,0,0,0,0
pacific-light-cable-network-plcn,Pacific Light Cable Network (PLCN),"11,806 km",11806.0,2022.0,False,"Google, Meta",2,3,,1,1,0,0,0
padang-tua-pejat,Padang-Tua Pejat,160 km,160.0,2019.0,False,Telkom Indonesia,1,2,,0,0,0,0,0
palapa-ring-east,Palapa Ring East,"6,300 km",6300.0,2019.0,False,"Indonesian Government, Moratelindo, Telekom PT SmartFren",3,18,,0,0,0,0,0
palapa-ring-middle,Palapa Ring Middle,"2,100 km",2100.0,2018.0,False,Indonesian Government,1,20,,0,0,0,0,0
palapa-ring-west,Palapa Ring West,"1,980 km",1980.0,2018.0,False,Indonesian Government,1,11,,0,0,0,0,0
palawan-iloilo-cable-system,Palawan-Iloilo Cable System,300 km,300.0,2014.0,False,PLDT,1,2,,0,0,0,0,0
pan-american-crossing-pac,Pan-American Crossing (PAC),"10,000 km",10000.0,2000.0,False,Cirion Technologies,1,5,https://www.ciriontechnologies.com,0,0,0,0,0
pan-european-crossing-uk-belgium,Pan European Crossing (UK-Belgium),117 km,117.0,1999.0,False,Colt,1,2,,0,0,0,0,0
pan-european-crossing-uk-ireland,Pan European Crossing (UK-Ireland),495 km,495.0,2000.0,False,Colt,1,4,,0,0,0,0,0
panam-south,PanAm South,"1,340 km",1340.0,1999.0,False,"Corporacion Nacional de Telecomunicaciones (CNT), Liberty Networks",2,2,,0,0,0,0,0
paniolo-cable-network,Paniolo Cable Network,576 km,576.0,2009.0,False,Hawaiian Telcom,1,7,,0,0,0,0,0
pasela,PASELA,"1,100 km",1100.0,2027.0,True,Telkom Indonesia,1,2,,0,0,0,0,0
pasuli,PASULI,40 km,40.0,2019.0,False,"FiberStar, XLSmart",2,2,,0,0,0,0,0
patara-2,Patara-2,"1,200 km",1200.0,2023.0,False,Telin,1,3,,0,0,0,0,0
peace-cable,PEACE Cable,"25,000 km",25000.0,2022.0,False,Peace Cable International Network Co. Ltd.,1,14,http://www.peacecable.net,0,0,0,0,0
penbal-4,Penbal-4,317 km,317.0,1991.0,False,Telefonica,1,3,,0,0,0,0,0
penbal-5,Penbal-5,315 km,315.0,1994.0,False,Telefonica,1,2,,0,0,0,0,0
pencan-8,Pencan-8,"1,400 km",1400.0,2011.0,False,Telefonica,1,2,,0,0,0,0,0
pencan-9,Pencan-9,"1,398 km",1398.0,2016.0,False,Telefonica,1,2,,0,0,0,0,0
persona,Persona,800 km,800.0,2008.0,False,Eastlink,1,2,,0,0,0,0,0
petropavlovsk-kamchatsky---anadyr,Petropavlovsk-Kamchatsky - Anadyr,"2,173 km",2173.0,2022.0,False,Rostelecom,1,3,https://www.company.rt.ru/,0,0,0,0,0
pgascom,PGASCOM,264 km,264.0,2010.0,False,PGASCOM,1,3,http://www.pgascom.co.id,0,0,0,0,0
philippine-domestic-submarine-cable-network-pdscn,Philippine Domestic Submarine Cable Network (PDSCN),"2,500 km",2500.0,2023.0,False,"Eastern Telecom, Globe Telecom, Infinivan Inc.",3,33,,0,0,0,0,0
piano-isole-minori,Piano Isole Minori,830 km,830.0,2024.0,False,Infratel Italia,1,31,https://www.infratelitalia.it/,0,0,0,0,0
picot-1,Picot-1,,,2008.0,False,OPT,1,3,https://www.opt.nc/,0,0,0,0,0
pipe-pacific-cable-1-ppc-1,PIPE Pacific Cable-1 (PPC-1),"6,900 km",6900.0,2009.0,False,Vocus Communications,1,3,http://www.vocus.com.au,0,0,0,0,0
pishgaman-oman-iran-poi-network,Pishgaman Oman Iran (POI) Network,400 km,400.0,2012.0,False,Pishgaman Kavir,1,3,http://www.poiconnections.com/,0,0,0,0,0
pldt-domestic-fiber-optic-network-dfon,PLDT Domestic Fiber Optic Network (DFON),"11,100 km",11100.0,1997.0,False,PLDT,1,13,http://www.pldt.com.ph,0,0,0,0,0
png-lng,PNG LNG,200 km,200.0,2014.0,False,Telikom Papua New Guinea,1,2,,0,0,0,0,0
polar-circle-cable,Polar Circle Cable,"1,004 km",1004.0,2007.0,False,KystTele,1,7,http://www.kysttele.no,0,0,0,0,0
polar-express,Polar Express,"12,650 km",12650.0,2022.0,False,Russian Government,1,10,https://xn--e1ahdckegffejda6k5a1a.xn--p1ai/en/,0,0,0,0,0
portsmouth-ryde-10,Portsmouth-Ryde 10,,,2015.0,False,BT,1,2,,0,0,0,0,0
portsmouth-ryde-11,Portsmouth-Ryde 11,,,2015.0,False,BT,1,2,,0,0,0,0,0
poseidon,POSEIDON,800 km,800.0,2014.0,False,"Ocean Specialists, Inc (OSI)",2,2,,0,0,0,0,0
prat,Prat,"3,500 km",3500.0,2020.0,False,Grupo Gtd,1,12,https://www.gtd.cl,0,0,0,0,0
proa,Proa,"2,891 km",2891.0,2026.0,True,Google,1,3,https://cloud.google.com,1,0,0,0,0
project-waterworth,Project Waterworth,"50,000 km",50000.0,,True,Meta,1,9,https://about.meta.com/,0,1,0,0,0
projeto-amaznia-conectada-pac-01,Projeto Amazônia Conectada (PAC 01),800 km,800.0,2017.0,False,Government of Brazil,1,6,,0,0,0,0,0
projeto-amaznia-conectada-pac-02,Projeto Amazônia Conectada (PAC 02),"1,001 km",1001.0,2021.0,False,Government of Brazil,1,5,,0,0,0,0,0
qatar-u-a-e-submarine-cable-system,Qatar-U.A.E. Submarine Cable System,100 km,100.0,2004.0,False,"Ooredoo, e&",2,4,,0,0,0,0,0
qe-north,Q&E North,112 km,112.0,2025.0,False,EXA Infrastructure,1,2,https://exainfra.net/,0,0,0,0,0
qe-south,Q&E South,141 km,141.0,2026.0,True,euNetworks,1,2,,0,0,0,0,0
quintillion-subsea-cable-network,Quintillion Subsea Cable Network,"1,900 km",1900.0,2017.0,False,Quintillion,1,6,https://www.quintillionglobal.com/,0,0,0,0,0
r100-north,R100 North,224 km,224.0,2023.0,False,BT,1,31,https://www.scotlandsuperfast.com/r100-programme/r100-subsea-deployment/,0,0,0,0,0
raman,Raman,"7,376 km",7376.0,2026.0,True,"Google, Sparkle, Zain Omantel International",3,6,,1,0,0,0,0
red-hook-little-saint-james,Red Hook-Little Saint James,5 km,5.0,2005.0,False,Virgin Islands Water and Power Authority,1,2,,0,0,0,0,0
red2med,Red2Med,420 km,420.0,2023.0,False,Telecom Egypt,1,4,https://www.te.eg/interactivemap/#/the-digital-hub,0,0,0,0,0
rising-8,RISING 8,"1,104 km",1104.0,2026.0,True,"Moratelindo, Triasmitra",2,3,,0,0,0,0,0
rnne-rdvig,Rønne-Rødvig,153 km,153.0,1989.0,False,TDC Group,1,2,,0,0,0,0,0
rockabill,Rockabill,221 km,221.0,2019.0,False,euNetworks,1,2,http://www.eunetworks.com,0,0,0,0,0
rompin-tioman-island,Rompin-Tioman Island,75 km,75.0,2018.0,False,Telekom Malaysia,1,2,,0,0,0,0,0
romsar-2,ROMSAR 2,,,1996.0,False,Sparkle,1,4,,0,0,0,0,0
romulo,Romulo,237 km,237.0,2011.0,False,Red Electrica,1,2,https://www.ree.es/,0,0,0,0,0
roquetas-melilla-cam,Roquetas-Melilla (CAM),181 km,181.0,2014.0,False,Telefonica,1,2,https://www.telefonica.com/,0,0,0,0,0
ruppione-isolella,Ruppione-Isolella,62 km,62.0,2007.0,False,Corsica Haut Débit,1,2,,0,0,0,0,0
russia-japan-cable-network-rjcn,Russia-Japan Cable Network (RJCN),"1,800 km",1800.0,2008.0,False,"KDDI, Rostelecom",2,2,,0,0,0,0,0
s-u-b-cable-system,S-U-B Cable System,"2,009 km",2009.0,2008.0,False,Telkom Indonesia,1,3,,0,0,0,0,0
saba-statia-cable-system-sscs,"Saba, Statia Cable System (SSCS)",198 km,198.0,2013.0,False,Government of the Netherlands,1,5,http://www.sscsbv.com,0,0,0,0,0
safe,SAFE,"13,500 km",13500.0,2002.0,False,"AT&T, Angola Telecom, BICS, Camtel, China Telecom, Chunghwa Telecom, Cogent, Ghana Telecommunications Company, KPN, Liquid Intelligent Technologies, Maroc Telecom, Mauritius Telecom, NATCOM (Nigeria), OPT, Orange, Orange Cote d’Ivoire, PCCW, Singtel, Sonatel, Sparkle, Tata Communications, Telecom Namibia, Telefonica, Telekom Malaysia, Telkom South Africa, Telstra, Verizon, Vodafone",28,6,,0,0,0,0,1
sagres,Sagres,302 km,302.0,1998.0,False,Altice Portugal,1,2,,0,0,0,0,0
sakhalin-kuril-islands-cable,Sakhalin-Kuril Islands Cable,940 km,940.0,2019.0,False,Rostelecom,1,4,https://www.company.rt.ru/,0,0,0,0,0
samoa-american-samoa-sas,Samoa-American Samoa (SAS),250 km,250.0,2009.0,False,"American Samoa Government, Elandia",2,2,,0,0,0,0,0
san-andres-isla-tolu-submarine-cable-sait,San Andres Isla Tolu Submarine Cable (SAIT),826 km,826.0,2010.0,False,Energía Integral Andina,1,2,,0,0,0,0,0
sape-labuan-bajo-ende-kupang,Sape-Labuan Bajo-Ende-Kupang,474 km,474.0,2021.0,False,Moratelindo,1,4,http://moratelindo.co.id,0,0,0,0,0
sarco,SARCO,,,2006.0,False,Free,1,2,,0,0,0,0,0
sat-3wasc,SAT-3/WASC,"14,350 km",14350.0,2002.0,False,"AT&T, Altice Portugal, Angola Telecom, BICS, BT, Camtel, China Telecom, Chunghwa Telecom, Cogent, Cyta, Deutsche Telekom, Ghana Telecommunications Company, KPN, KT, Liquid Intelligent Technologies, Maroc Telecom, Mauritius Telecom, NATCOM (Nigeria), OPT, Orange, Orange Cote d’Ivoire, PCCW, SBIN (La Société Béninoise d’Infrastructures Numériques), Singtel, Sparkle, Tata Communications, Telecom Namibia, Telekom Malaysia, Telkom South Africa, Telstra, Telxius, Verizon, Vodafone",33,12,,0,0,0,0,1
saudi-arabia-sudan-1-sas-1,Saudi Arabia-Sudan-1 (SAS-1),333 km,333.0,2003.0,False,"Sudatel, The Arab Investment Company, center3",3,2,,0,0,0,0,0
saudi-arabia-sudan-2-sas-2,Saudi Arabia-Sudan-2 (SAS-2),330 km,330.0,2011.0,False,"Sudatel, center3",2,2,,0,0,0,0,0
saudi-vision,Saudi Vision,"1,071 km",1071.0,2023.0,False,center3,1,4,https://center3.com/,0,0,0,0,0
scandinavian-ring-north,Scandinavian Ring North,5 km,5.0,2000.0,False,Arelion,1,2,,0,0,0,0,0
scandinavian-ring-south,Scandinavian Ring South,21 km,21.0,2000.0,False,Arelion,1,2,,0,0,0,0,0
scotland-northern-ireland-3,Scotland-Northern Ireland 3,42 km,42.0,2022.0,False,BT,1,2,,0,0,0,0,0
scotland-northern-ireland-4,Scotland-Northern Ireland 4,85 km,85.0,2022.0,False,BT,1,2,,0,0,0,0,0
scylla,Scylla,204 km,204.0,2021.0,False,euNetworks,1,2,http://www.eunetworks.com,0,0,0,0,0
sea-h2x,SEA-H2X,"6,000 km",6000.0,2026.0,True,"China Mobile, China Unicom, Converge ICT",3,6,,0,0,0,0,1
sea-us,SEA-US,"14,500 km",14500.0,2017.0,False,"GTA TeleGuam, Globe Telecom, Hawaiian Telcom, Lightstorm Telecom, Telin",5,7,,0,0,0,0,0
sea2shore,sea2shore,32 km,32.0,2016.0,False,National Grid,1,2,,0,0,0,0,0
seabras-1,Seabras-1,"10,800 km",10800.0,2017.0,False,"Seaborn Networks, Sparkle",2,2,http://www.seabornnetworks.com,0,0,0,0,0
seacomtata-tgn-eurasia,SEACOM/Tata TGN-Eurasia,"15,000 km",15000.0,2009.0,False,"SEACOM, Tata Communications",2,8,http://www.seacom.mu,0,0,0,0,0
sealink,SEALink,345 km,345.0,2023.0,False,Alaska Power & Telephone Company Wireless (APTW),1,3,https://www.aptalaska.com/,0,0,0,0,0
sealink-south,SEALink South,159 km,159.0,2024.0,False,Alaska Power & Telephone Company Wireless (APTW),1,3,https://www.aptalaska.com/,0,0,0,0,0
seamewe-4,SeaMeWe-4,"20,000 km",20000.0,2005.0,False,"Algerie Telecom, Bangladesh Submarine Cable Company Limited (BSCCL), Bharti Airtel, National Telecom, Orange, Pakistan Telecommunications Company Ltd., Singtel, Sparkle, Sri Lanka Telecom, Tata Communications, Telecom Egypt, Telekom Malaysia, Tunisia Telecom, Verizon, center3, e&",16,16,https://www.seamewe4.net/,0,0,0,0,0
seamewe-5,SeaMeWe-5,"20,000 km",20000.0,2016.0,False,"Bangladesh Submarine Cable Company Limited (BSCCL), China Mobile, China Telecom, China Unicom, Djibouti Telecom, Myanmar Post and Telecommunication (MPT), Ooredoo, Orange, Singtel, Sparkle, Sri Lanka Telecom, TeleYemen, Telecom Egypt, Telekom Malaysia, Telkom Indonesia, Transworld, center3, du",18,18,,0,0,0,0,1
seamewe-6,SeaMeWe-6,"21,700 km",21700.0,2027.0,True,"Bahrain Telecommunications Company (Batelco), Bangladesh Submarine Cable Company Limited (BSCCL), Bharti Airtel, China Unicom, Dhiraagu, Djibouti Telecom, Microsoft, Mobily, Orange, PCCW, Singtel, Sri Lanka Telecom, Telecom Egypt, Telekom Malaysia, Telin, Transworld",16,17,,0,0,0,1,1
seax-1,SEAX-1,250 km,250.0,2018.0,False,SEAX,1,3,https://seax.net/,0,0,0,0,0
segunda-fos-canal-de-chacao,Segunda FOS Canal de Chacao,40 km,40.0,2015.0,False,Grupo Gtd,1,2,https://www.gtd.cl,0,0,0,0,0
senegal-horn-of-africa-regional-express-share-cable,Senegal Horn of Africa Regional Express (SHARE) Cable,720 km,720.0,2023.0,False,Sénégal Numérique SA,1,2,https://senegalnumeriquesa.sn/,0,0,0,0,0
seychelles-to-east-africa-system-seas,Seychelles to East Africa System (SEAS),"1,930 km",1930.0,2012.0,False,Seychelles Cable System Ltd.,1,2,,0,0,0,0,0
shefa-2,SHEFA-2,"1,000 km",1000.0,2008.0,False,Shefa,1,7,http://www.shefa.fo,0,0,0,0,0
sihanoukville-hong-kong-shv-hk,Sihanoukville-Hong Kong (SHV-HK),"2,938 km",2938.0,2026.0,True,Government of Cambodia,1,2,,0,0,0,0,0
silphium,Silphium,425 km,425.0,2013.0,False,Libya International Telecommunications Company,1,2,http://www.litc.ly,0,0,0,0,0
sint-maarten-puerto-rico-network-one-smpr-1,Sint Maarten Puerto Rico Network One (SMPR-1),375 km,375.0,2004.0,False,"Dauphin Telecom, TelEm Group",2,3,,0,0,0,0,0
sir-abu-nuayr-cable,Sir Abu Nu’ayr Cable,84 km,84.0,2018.0,False,e&,1,2,https://www.etisalat.ae/,0,0,0,0,0
sirius-north,Sirius North,147 km,147.0,1999.0,False,Virgin Media Business,1,2,,0,0,0,0,0
sirius-south,Sirius South,219 km,219.0,1999.0,False,Virgin Media Business,1,2,,0,0,0,0,0
sistem-kabel-rakyat-1malaysia-skr1m,Sistem Kabel Rakyat 1Malaysia (SKR1M),"3,800 km",3800.0,2017.0,False,"TIME dotCom, Telekom Malaysia",2,6,,0,0,0,0,0
sjjk,SJJK,543 km,543.0,2008.0,False,XLSmart,1,5,https://www.xl.co.id,0,0,0,0,0
skagenfiber-west,Skagenfiber West,170 km,170.0,2020.0,False,Altibox,1,2,http://www.skagenfiber.no,0,0,0,0,0
skagerrak-4,Skagerrak 4,137 km,137.0,2014.0,False,Statnett,1,2,,0,0,0,0,0
smpcs-packet-1,SMPCS Packet-1,"3,156 km",3156.0,2015.0,False,Telkom Indonesia,1,12,,0,0,0,0,0
smpcs-packet-2,SMPCS Packet-2,"3,498 km",3498.0,2015.0,False,Telkom Indonesia,1,11,,0,0,0,0,0
sol,Sol,"8,153 km",8153.0,2028.0,True,Google,1,4,https://cloud.google.com,1,0,0,0,0
solas,Solas,232 km,232.0,1999.0,False,"Vodafone, eir",2,2,,0,0,0,0,0
sorsogon-samar-submarine-fiber-optical-interconnection-project-sssfoip,Sorsogon-Samar Submarine Fiber Optical Interconnection Project (SSSFOIP),21 km,21.0,2019.0,False,National Grid Corporation of the Philippines,1,2,,0,0,0,0,0
south-america-1-sam-1,South America-1 (SAm-1),"25,000 km",25000.0,2001.0,False,Telxius,1,16,http://www.telxius.com/,0,0,0,0,0
south-american-crossing-sac,South American Crossing (SAC),"20,000 km",20000.0,2000.0,False,"Cirion Technologies, Sparkle",2,11,https://www.ciriontechnologies.com,0,0,0,0,0
south-atlantic-cable-system-sacs,South Atlantic Cable System (SACS),"6,165 km",6165.0,2018.0,False,Angola Cables,1,2,https://www.angolacables.co.ao/,0,0,0,0,0
south-atlantic-inter-link-sail,South Atlantic Inter Link (SAIL),"5,800 km",5800.0,2020.0,False,"Camtel, China Unicom",2,2,,0,0,0,0,1
south-pacific-cable-system-spcsmistral,South Pacific Cable System (SPCS)/Mistral,"7,300 km",7300.0,2021.0,False,"América Móvil (Claro), Telxius",2,5,,0,0,0,0,0
southeast-asia-japan-cable-2-sjc2,Southeast Asia-Japan Cable 2 (SJC2),"10,500 km",10500.0,2025.0,False,"China Mobile, Chunghwa Telecom, DongHwa Telecom, KDDI, Meta, SK Broadband, Singtel, Telin, True Corporation, VNPT International",10,10,,0,1,0,0,1
southeast-asia-japan-cable-sjc,Southeast Asia-Japan Cable (SJC),"8,900 km",8900.0,2013.0,False,"China Mobile, China Telecom, Chunghwa Telecom, Globe Telecom, Google, KDDI, National Telecom, Singtel, Telkom Indonesia, Unified National Networks (UNN)",10,6,,1,0,0,0,1
southern-caribbean-fiber,Southern Caribbean Fiber,"3,000 km",3000.0,2006.0,False,Digicel,1,16,,0,0,0,0,0
southern-cross-cable-network-sccn,Southern Cross Cable Network (SCCN),"30,500 km",30500.0,2000.0,False,Southern Cross Cable Network,1,9,http://www.southerncrosscables.com,0,0,0,0,0
southern-cross-next,Southern Cross NEXT,"13,700 km",13700.0,2022.0,False,Southern Cross Cable Network,1,7,https://www.southerncrosscables.com/,0,0,0,0,0
sovetskaya-gavan-ilyinskoye,Sovetskaya Gavan-Ilyinskoye,214 km,214.0,2007.0,False,TTK,1,2,,0,0,0,0,0
sovetskaya-gavan-uglegorsk,Sovetskaya Gavan-Uglegorsk,127 km,127.0,2019.0,False,Rostelecom,1,2,https://www.company.rt.ru/en/,0,0,0,0,0
st-pierre-and-miquelon-cable,St. Pierre and Miquelon Cable,200 km,200.0,2018.0,False,French Authority of St. Pierre and Miquelon,1,4,,0,0,0,0,0
st-thomas-st-croix-system,St. Thomas-St. Croix System,183 km,183.0,1997.0,False,"Virgin Islands Next Generation Networks, Inc.",2,7,http://www.vingn.com,0,0,0,0,0
sto-hel-one,STO-HEL-One,560 km,560.0,2008.0,False,GlobalConnect,1,4,https://www.globalconnectcarrier.com/,0,0,0,0,0
strategic-evolution-underwater-link-seul,Strategic Evolution Underwater Link (SEUL),24 km,24.0,2017.0,False,Belize Telemedia,1,2,https://www.livedigi.com/,0,0,0,0,0
subcan-link-1,Subcan Link 1,143 km,143.0,2002.0,False,Cable Submarine de Canarias,1,2,,0,0,0,0,0
subcan-link-2,Subcan Link 2,136 km,136.0,2002.0,False,Cable Submarine de Canarias,1,2,,0,0,0,0,0
submarine-cable-in-the-philippines-scip,Submarine Cable in the Philippines (SCiP),"1,638 km",1638.0,2022.0,False,DITO Telecommunity,1,17,https://dito.ph/,0,0,0,0,0
sumatera-bangka-cable-system-sbcs,Sumatera Bangka Cable System (SBCS),57 km,57.0,2014.0,False,Telkom Indonesia,1,2,,0,0,0,0,0
sunoque-i,Sunoque I,,,1999.0,False,"Hydro-Québec, Telus",2,2,,0,0,0,0,0
sunoque-ii,Sunoque II,,,1999.0,False,"Hydro-Québec, Telus",2,2,,0,0,0,0,0
sunoque-iii,Sunoque III,125 km,125.0,2027.0,True,"Hydro-Québec, Telus",2,2,https://www.telus.com/,0,0,0,0,0
suriname-guyana-submarine-cable-system-sg-scs,Suriname-Guyana Submarine Cable System (SG-SCS),"1,249 km",1249.0,2010.0,False,"Guyana Telephone and Telegraph (GT&T), Telesur",2,3,,0,0,0,0,0
svalbard-undersea-cable-system,Svalbard Undersea Cable System,"2,714 km",2714.0,2004.0,False,Space Norway,1,2,https://spacenorway.no,0,0,0,0,0
sweden-estonia-ee-s-1,Sweden-Estonia (EE-S 1),240 km,240.0,1995.0,False,"Arelion, GN Great Nordic, Telia Eesti (formerly Eesti Telekom, EMT, Elion)",5,3,,0,0,0,0,0
sweden-latvia,Sweden-Latvia,391 km,391.0,2005.0,False,Latvia State Radio and Television Centre,1,3,http://www.lvrtc.lv,0,0,0,0,0
sx-tasman-express-sx-tx,SX Tasman Express (SX-TX),"2,276 km",2276.0,2028.0,True,Southern Cross Cable Network,1,2,http://www.southerncrosscables.com,0,0,0,0,0
sydney-melbourne-adelaide-perth-smap,Sydney-Melbourne-Adelaide-Perth (SMAP),"5,000 km",5000.0,2026.0,True,SUBCO,1,5,https://sub.co/,0,0,0,0,0
t3,T3,"3,200 km",3200.0,2023.0,False,"Liquid Intelligent Technologies, Mauritius Telecom",2,2,,0,0,0,0,0
taba-aqaba,Taba-Aqaba,13 km,13.0,1998.0,False,National Electric Power Company of Jordan,1,2,,0,0,0,0,0
tabua,Tabua,,,2026.0,True,Google,1,6,https://cloud.google.com,1,0,0,0,0
taihei,Taihei,"7,000 km",7000.0,2029.0,True,Google,1,2,https://cloud.google.com,1,0,0,0,0
taino-carib,Taino-Carib,187 km,187.0,1992.0,False,"AT&T, Altice USA, CANTV, Cogent, Embratel, Liberty Networks, Orange, Setar",8,3,,0,0,0,0,0
taiwan-matsu-no-4,Taiwan-Matsu No.4,300 km,300.0,2026.0,True,Chunghwa Telecom,1,4,,0,0,0,0,0
taiwan-penghu-kinmen-matsu-no-2-tpkm2,Taiwan Penghu Kinmen Matsu No.2 (TPKM2),467 km,467.0,2000.0,False,Chunghwa Telecom,1,6,,0,0,0,0,0
taiwan-penghu-kinmen-matsu-no-3-tpkm3,Taiwan Penghu Kinmen Matsu No.3 (TPKM3),510 km,510.0,2013.0,False,Chunghwa Telecom,1,10,,0,0,0,0,0
taiwan-strait-express-1-tse-1,Taiwan Strait Express-1 (TSE-1),260 km,260.0,2013.0,False,"China Mobile, China Unicom, Chunghwa Telecom, Far EasTone (FET), Taiwan International Gateway Corporation, Taiwan Mobile",6,2,,0,0,0,0,1
talaylink,TalayLink,,,2028.0,True,Google,1,4,https://cloud.google.com,1,0,0,0,0
tam-1,TAM-1,"7,200 km",7200.0,2026.0,True,Trans Americas Fiber,1,10,https://transamericasfiber.com/,0,0,0,0,0
tampnet-north,Tampnet North,"1,751 km",1751.0,1999.0,False,Tampnet,1,3,https://www.tampnet.com/,0,0,0,0,0
tampnet-south,Tampnet South,"1,751 km",1751.0,1999.0,False,Tampnet,1,2,https://www.tampnet.com/,0,0,0,0,0
tamtam,Tamtam,"1,000 km",1000.0,2027.0,True,Prima,1,5,https://www.prima.vu/,0,0,0,0,0
tangerine,Tangerine,112 km,112.0,2000.0,False,Colt,1,2,,0,0,0,0,0
tanjung-pandan-sungai-kakap,Tanjung Pandan-Sungai Kakap,348 km,348.0,2019.0,False,Moratelindo,1,2,http://www.moratelindo.co.id,0,0,0,0,0
tannat,Tannat,"2,000 km",2000.0,2018.0,False,"Antel Uruguay, Google",2,3,,1,0,0,0,0
tarakan-selor-cable-system-tscs,Tarakan Selor Cable System (TSCS),83 km,83.0,2014.0,False,Telkom Indonesia,1,2,,0,0,0,0,0
tasman-global-access-tga-cable,Tasman Global Access (TGA) Cable,"2,288 km",2288.0,2017.0,False,"One NZ, Spark New Zealand, Telstra",3,2,,0,0,0,0,0
tasman-ring-network,Tasman Ring Network,"6,000 km",6000.0,2027.0,True,Datagrid New Zealand,1,6,https://www.datagrid.nz/,0,0,0,0,0
tata-tgn-atlantic-south,Tata TGN-Atlantic South,,,2001.0,False,Tata Communications,1,2,http://www.tatacommunications.com,0,0,0,0,0
tata-tgn-gulf,Tata TGN-Gulf,"4,031 km",4031.0,2012.0,False,Tata Communications,1,6,http://www.tatacommunications.com,0,0,0,0,0
tata-tgn-intra-asia-tgn-ia,Tata TGN-Intra Asia (TGN-IA),"6,700 km",6700.0,2009.0,False,Tata Communications,1,4,http://www.tatacommunications.com,0,0,0,0,0
tata-tgn-pacific,Tata TGN-Pacific,"22,300 km",22300.0,2002.0,False,Tata Communications,1,5,http://www.tatacommunications.com,0,0,0,0,0
tata-tgn-tata-indicom,Tata TGN-Tata Indicom,"3,175 km",3175.0,2004.0,False,Tata Communications,1,2,http://www.tatacommunications.com,0,0,0,0,0
tata-tgn-western-europe,Tata TGN-Western Europe,"3,578 km",3578.0,2002.0,False,Tata Communications,1,3,http://www.tatacommunications.com,0,0,0,0,0
tautira-teahupoo,Tautira-Teahupo'o,38 km,38.0,2023.0,False,OPT French Polynesia,1,2,,0,0,0,0,0
te-northtgn-eurasiaseacomalexandrosmedex,TE North/TGN-Eurasia/SEACOM/Alexandros/Medex,"3,634 km",3634.0,2011.0,False,"Algerie Telecom, Cyta, PCCW, SEACOM, Tata Communications, Telecom Egypt",6,4,https://www.te.eg/wps/portal/te/Business/Wholesale/,0,0,0,0,0
tegopa,TEGOPA,222 km,222.0,1994.0,False,Telefonica,1,3,,0,0,0,0,0
telstra-endeavour,Telstra Endeavour,"9,125 km",9125.0,2008.0,False,Telstra,1,2,https://www.telstrainternational.com/,0,0,0,0,0
tenerife-gran-canaria,Tenerife-Gran Canaria,110 km,110.0,1999.0,False,Telefonica,1,2,,0,0,0,0,0
tenerife-la-palma,Tenerife-La Palma,,,,False,Telefonica,1,2,,0,0,0,0,0
terra-sw,TERRA SW,,,2012.0,False,GCI Communication Corp,1,11,https://www.gci.com/,0,0,0,0,0
thailand-domestic-submarine-cable-network-tdscn,Thailand Domestic Submarine Cable Network (TDSCN),884 km,884.0,2001.0,False,National Telecom,1,5,,0,0,0,0,0
thailand-indonesia-singapore-tis,Thailand-Indonesia-Singapore (TIS),968 km,968.0,2003.0,False,"National Telecom, Singtel, Telkom Indonesia",3,3,,0,0,0,0,0
the-east-african-marine-system-teams,The East African Marine System (TEAMS),"5,054 km",5054.0,2009.0,False,"TEAMS Ltd., e&",2,2,,0,0,0,0,0
thetis,Thetis,660 km,660.0,2022.0,False,Vodafone,1,20,https://www.vodafone.gr/,0,0,0,0,0
thetis-express,Thetis Express,340 km,340.0,2027.0,True,Vodafone,1,3,https://www.vodafone.gr/,0,0,0,0,0
tikal-amx3,TIKAL-AMX3,"1,935 km",1935.0,2026.0,True,"América Móvil (Claro), Telxius",2,3,,0,0,0,0,0
timor-leste-south-submarine-cable-tlssc,Timor-Leste South Submarine Cable (TLSSC),607 km,607.0,2025.0,False,Government of Timor-Leste,1,1,,0,0,0,0,0
tko-connect,TKO Connect,6 km,6.0,2023.0,False,"HKBN, iAdvantage",2,2,,0,0,0,0,0
tmx5,TMX5,383 km,383.0,2025.0,False,Telmex,1,2,,0,0,0,0,0
tobrok-emasaed-cable-system,Tobrok-Emasaed Cable System,178 km,178.0,2010.0,False,Libya International Telecommunications Company,1,2,,0,0,0,0,0
tokelau-submarine-cable,Tokelau Submarine Cable,250 km,250.0,2023.0,False,Teletok,1,3,https://www.teletokco.tk,0,0,0,0,0
tonga-cable,Tonga Cable,827 km,827.0,2013.0,False,"Digicel Tonga, Government of Tonga, Tonga Communications Corporation",3,2,,0,0,0,0,0
tonga-domestic-cable-extension-tdce,Tonga Domestic Cable Extension (TDCE),410 km,410.0,2018.0,False,Tonga Cable Limited,1,3,,0,0,0,0,0
topaz,Topaz,,,2023.0,False,Google,1,5,https://cloud.google.com,1,0,0,0,0
tpu,TPU,"13,470 km",13470.0,2026.0,True,Google,1,5,https://cloud.google.com,1,0,0,0,0
trans-adriatic-express-tae,Trans Adriatic Express (TAE),106 km,106.0,2023.0,False,"EXA Infrastructure, TAP AG",2,2,https://exainfra.net/,0,0,0,0,0
trans-caspian-fiber-optic-cable-project,Trans-Caspian Fiber Optic Cable Project,380 km,380.0,2026.0,True,"Azertelecom, Kazakhtelecom",2,2,,0,0,0,0,0
trans-global-cable-system-tgcs,Trans Global Cable System (TGCS),"1,200 km",1200.0,2026.0,True,Trans Indonesia Supercorridor,1,7,https://www.supercorridor.co.id/,0,0,0,0,0
trans-pacific-express-tpe-cable-system,Trans-Pacific Express (TPE) Cable System,"17,968 km",17968.0,2008.0,False,"AT&T, China Telecom, China Unicom, Chunghwa Telecom, KT, NTT, Verizon",7,6,https://tpecable.org:59876/,0,0,0,0,1
transcan-2,TRANSCAN-2,238 km,238.0,1990.0,False,Telefonica,1,4,,0,0,0,0,0
transcan-3,TRANSCAN-3,210 km,210.0,2000.0,False,Telefonica,1,2,,0,0,0,0,0
transworld-tw1,Transworld (TW1),"1,300 km",1300.0,2006.0,False,Transworld,1,3,http://www.tw1.com,0,0,0,0,0
tt1,TT1,44 km,44.0,2015.0,False,"Alliance Telecommunications, Liberty Networks, TSTT",3,2,,0,0,0,0,0
tui-samoa,Tui-Samoa,"1,693 km",1693.0,2018.0,False,Samoa Submarine Cable Company,1,6,http://ssccsamoa.com/,0,0,0,0,0
turcyos-1,Turcyos-1,110 km,110.0,1993.0,False,Turk Telekom,1,2,,0,0,0,0,0
turcyos-2,Turcyos-2,213 km,213.0,2011.0,False,Turk Telekom,1,2,http://www.turktelekom.com.tr,0,0,0,0,0
tverrlinken,Tverrlinken,,,2010.0,False,KystTele,1,4,http://www.kysttele.no,0,0,0,0,0
uae-iran,UAE-Iran,170 km,170.0,1992.0,False,"Telecommunication Infrastructure Company of Iran, e&",2,2,,0,0,0,0,0
ugarit,UGARIT,239 km,239.0,1995.0,False,"A1 Telekom Austria, AT&T, BT, Cyta, Deutsche Telekom, Lebanese Ministry of Telecommunications, Orange, Singtel, Sparkle, Syrian Telecommunications Establishment, Tata Communications, Telefonica, Vivacom",13,2,,0,0,0,0,0
uk-channel-islands-7,UK-Channel Islands-7,124 km,124.0,1994.0,False,"BT, Sure",2,2,,0,0,0,0,0
uk-channel-islands-8,UK-Channel Islands-8,237 km,237.0,1994.0,False,BT,1,2,,0,0,0,0,0
ulleung-mainland-2,Ulleung-Mainland 2,164 km,164.0,2016.0,False,KT,1,2,,0,0,0,0,0
ultramar-ge,Ultramar GE,263 km,263.0,2023.0,False,GITGE (Gestor de Infraestructuras de Telecomunicaciones de Guinea Ecuatorial),1,2,https://gitge.com/en/home/,0,0,0,0,0
ulysses-2,Ulysses 2,,,1997.0,False,Verizon,1,2,,0,0,0,0,0
umo,UMO,"2,227 km",2227.0,2023.0,False,Campana Group,1,2,https://www.campanaworks.com/,0,0,0,0,0
umoja,Umoja,,,2028.0,True,Google,1,2,https://cloud.google.com,1,0,0,0,0
unisur,Unisur,265 km,265.0,1995.0,False,"Antel Uruguay, Telxius",2,2,,0,0,0,0,0
unitel-north-submarine-cable-unsc,Unitel North Submarine Cable (UNSC),"1,145 km",1145.0,2023.0,False,Unitel (Angola),1,4,http://www.unitel.ao,0,0,0,0,0
unitirreno,Unitirreno,"1,156 km",1156.0,2025.0,False,"Azimut, Unidata",2,4,http://www.unitirreno.com/,0,0,0,0,0
unity,Unity,"9,620 km",9620.0,2010.0,False,"Bharti Airtel, Google, KDDI, Singtel, TIME dotCom, Telstra",6,2,,1,0,0,0,0
vaka,VAKA,668 km,668.0,2026.0,True,Tuvalu Telecommunications Corporation (TTC),1,1,https://www.tuvalutelecom.tv/,0,0,0,0,0
vancouver-bowen-island-vancouver-island,Vancouver-Bowen Island-Vancouver Island,75 km,75.0,2019.0,False,Rogers Communications,1,4,,0,0,0,0,0
venezuelan-festoon,Venezuelan Festoon,"1,200 km",1200.0,1998.0,False,CANTV,1,12,,0,0,0,0,0
verena,Verena,630 km,630.0,2028.0,True,Altibox,1,2,https://www.altiboxcarrier.com/,0,0,0,0,0
vietnam-singapore-cable-system-vts,Vietnam-Singapore Cable System (VTS),,,2027.0,True,"Singtel, Viettel Corporation",2,4,,0,0,0,0,0
vodafone-greece-domestic,Vodafone Greece Domestic,92 km,92.0,2008.0,False,Vodafone,1,2,https://www.vodafone.gr/,0,0,0,0,0
vstervik-visby,Västervik-Visby,,,2008.0,False,GlobalConnect,1,2,https://globalconnectcarrier.com/,0,0,0,0,0
west-africa-cable-system-wacs,West Africa Cable System (WACS),"14,530 km",14530.0,2012.0,False,"Altice Portugal, Angola Cables, Bayobab, Broadband Infraco, Camtel, Cape Verde Telecom, Congo Telecom, Liquid Intelligent Technologies, Office Congolais de Poste et Télécommunication, PCCW, Tata Communications, Telecom Namibia, Telkom South Africa, Togo Telecom, Vodacom DRC, Vodafone, Vodafone Espana, Vodafone Ghana",18,13,https://wacscable.com/,0,0,0,0,0
whidbey-island-camano-island,Whidbey Island-Camano Island,4 km,4.0,1999.0,False,Whidbey Telecom,1,2,,0,0,0,0,0
whidbey-island-everett,Whidbey Island-Everett,9 km,9.0,1999.0,False,Whidbey Telecom,1,2,,0,0,0,0,0
whidbey-island-hat-island,Whidbey Island-Hat Island,4 km,4.0,1999.0,False,Whidbey Telecom,1,2,,0,0,0,0,0
whidbey-island-seattle,Whidbey Island-Seattle,44 km,44.0,1999.0,False,Whidbey Telecom,1,2,,0,0,0,0,0
x-link-submarine-cable,X-Link Submarine Cable,775 km,775.0,2019.0,False,E-Networks Inc.,1,2,https://www.enetworks.gy/,0,0,0,0,0
yellow,Yellow,"7,001 km",7001.0,2000.0,False,Colt,1,2,,0,0,0,0,0
yui,YUI,720 km,720.0,2023.0,False,Okinawa Cellular Telephone Company,1,4,,0,0,0,0,0
yuza-tobishima,Yuza-Tobishima,31 km,31.0,2022.0,False,NTT,1,2,,0,0,0,0,0
zayo-festoon,Zayo Festoon,,,2015.0,False,Zayo,1,3,,0,0,0,0,0
zeus,Zeus,,,2022.0,False,Zayo,1,2,https://zayoeurope.com/,0,0,0,0,0
